"Dataset","Series Key","Series","Observation Date","Observation Value","Unit","Observation Status","Observation Status Comment"
"Gold and Foreign Exchange Reserves of Pakistan","TS_GP_EXT_PAKRES_M.Z00010","Gold","30-Apr-2023","4121","Million USD","Normal",""
"Gold and Foreign Exchange Reserves of Pakistan","TS_GP_EXT_PAKRES_M.Z00010","Gold","31-Mar-2023","4115","Million USD","Normal",""
"Gold and Foreign Exchange Reserves of Pakistan","TS_GP_EXT_PAKRES_M.Z00010","Gold","28-Feb-2023","3793","Million USD","Normal",""
"Gold and Foreign Exchange Reserves of Pakistan","TS_GP_EXT_PAKRES_M.Z00010","Gold","31-Jan-2023","3999","Million USD","Normal",""
"Gold and Foreign Exchange Reserves of Pakistan","TS_GP_EXT_PAKRES_M.Z00010","Gold","31-Dec-2022","3767","Million USD","Normal",""
"Gold and Foreign Exchange Reserves of Pakistan","TS_GP_EXT_PAKRES_M.Z00010","Gold","30-Nov-2022","3645","Million USD","Normal",""
"Gold and Foreign Exchange Reserves of Pakistan","TS_GP_EXT_PAKRES_M.Z00010","Gold","31-Oct-2022","3407","Million USD","Normal",""
"Gold and Foreign Exchange Reserves of Pakistan","TS_GP_EXT_PAKRES_M.Z00010","Gold","30-Sep-2022","3475","Million USD","Normal",""
"Gold and Foreign Exchange Reserves of Pakistan","TS_GP_EXT_PAKRES_M.Z00010","Gold","31-Aug-2022","3567","Million USD","Normal",""
"Gold and Foreign Exchange Reserves of Pakistan","TS_GP_EXT_PAKRES_M.Z00010","Gold","31-Jul-2022","3644","Million USD","Normal",""
"Gold and Foreign Exchange Reserves of Pakistan","TS_GP_EXT_PAKRES_M.Z00010","Gold","30-Jun-2022","3777","Million USD","Normal",""
"Gold and Foreign Exchange Reserves of Pakistan","TS_GP_EXT_PAKRES_M.Z00010","Gold","31-May-2022","3822","Million USD","Normal",""
"Gold and Foreign Exchange Reserves of Pakistan","TS_GP_EXT_PAKRES_M.Z00010","Gold","30-Apr-2022","3973","Million USD","Normal",""
"Gold and Foreign Exchange Reserves of Pakistan","TS_GP_EXT_PAKRES_M.Z00010","Gold","31-Mar-2022","4037","Million USD","Normal",""
"Gold and Foreign Exchange Reserves of Pakistan","TS_GP_EXT_PAKRES_M.Z00010","Gold","28-Feb-2022","3970","Million USD","Normal",""
"Gold and Foreign Exchange Reserves of Pakistan","TS_GP_EXT_PAKRES_M.Z00010","Gold","31-Jan-2022","3731","Million USD","Normal",""
"Gold and Foreign Exchange Reserves of Pakistan","TS_GP_EXT_PAKRES_M.Z00010","Gold","31-Dec-2021","3783","Million USD","Normal",""
"Gold and Foreign Exchange Reserves of Pakistan","TS_GP_EXT_PAKRES_M.Z00010","Gold","30-Nov-2021","3750","Million USD","Normal",""
"Gold and Foreign Exchange Reserves of Pakistan","TS_GP_EXT_PAKRES_M.Z00010","Gold","31-Oct-2021","3677","Million USD","Normal",""
"Gold and Foreign Exchange Reserves of Pakistan","TS_GP_EXT_PAKRES_M.Z00010","Gold","30-Sep-2021","3622","Million USD","Normal",""
"Gold and Foreign Exchange Reserves of Pakistan","TS_GP_EXT_PAKRES_M.Z00010","Gold","31-Aug-2021","3772","Million USD","Normal",""
"Gold and Foreign Exchange Reserves of Pakistan","TS_GP_EXT_PAKRES_M.Z00010","Gold","31-Jul-2021","3795","Million USD","Normal",""
"Gold and Foreign Exchange Reserves of Pakistan","TS_GP_EXT_PAKRES_M.Z00010","Gold","30-Jun-2021","3665","Million USD","Normal",""
"Gold and Foreign Exchange Reserves of Pakistan","TS_GP_EXT_PAKRES_M.Z00010","Gold","31-May-2021","3949","Million USD","Normal",""
"Gold and Foreign Exchange Reserves of Pakistan","TS_GP_EXT_PAKRES_M.Z00010","Gold","30-Apr-2021","3674","Million USD","Normal",""
"Gold and Foreign Exchange Reserves of Pakistan","TS_GP_EXT_PAKRES_M.Z00010","Gold","31-Mar-2021","3514","Million USD","Normal",""
"Gold and Foreign Exchange Reserves of Pakistan","TS_GP_EXT_PAKRES_M.Z00010","Gold","28-Feb-2021","3622","Million USD","Normal",""
"Gold and Foreign Exchange Reserves of Pakistan","TS_GP_EXT_PAKRES_M.Z00010","Gold","31-Jan-2021","3873","Million USD","Normal",""
"Gold and Foreign Exchange Reserves of Pakistan","TS_GP_EXT_PAKRES_M.Z00010","Gold","31-Dec-2020","3923","Million USD","Normal",""
"Gold and Foreign Exchange Reserves of Pakistan","TS_GP_EXT_PAKRES_M.Z00010","Gold","30-Nov-2020","3663","Million USD","Normal",""
"Gold and Foreign Exchange Reserves of Pakistan","TS_GP_EXT_PAKRES_M.Z00010","Gold","31-Oct-2020","3911","Million USD","Normal",""
"Gold and Foreign Exchange Reserves of Pakistan","TS_GP_EXT_PAKRES_M.Z00010","Gold","30-Sep-2020","3921","Million USD","Normal",""
"Gold and Foreign Exchange Reserves of Pakistan","TS_GP_EXT_PAKRES_M.Z00010","Gold","31-Aug-2020","4068","Million USD","Normal",""
"Gold and Foreign Exchange Reserves of Pakistan","TS_GP_EXT_PAKRES_M.Z00010","Gold","31-Jul-2020","4083","Million USD","Normal",""
"Gold and Foreign Exchange Reserves of Pakistan","TS_GP_EXT_PAKRES_M.Z00010","Gold","30-Jun-2020","3674","Million USD","Normal",""
"Gold and Foreign Exchange Reserves of Pakistan","TS_GP_EXT_PAKRES_M.Z00010","Gold","31-May-2020","3592","Million USD","Normal",""
"Gold and Foreign Exchange Reserves of Pakistan","TS_GP_EXT_PAKRES_M.Z00010","Gold","30-Apr-2020","3538","Million USD","Normal",""
"Gold and Foreign Exchange Reserves of Pakistan","TS_GP_EXT_PAKRES_M.Z00010","Gold","31-Mar-2020","3343","Million USD","Normal",""
"Gold and Foreign Exchange Reserves of Pakistan","TS_GP_EXT_PAKRES_M.Z00010","Gold","29-Feb-2020","3345","Million USD","Normal",""
"Gold and Foreign Exchange Reserves of Pakistan","TS_GP_EXT_PAKRES_M.Z00010","Gold","31-Jan-2020","3292","Million USD","Normal",""
"Gold and Foreign Exchange Reserves of Pakistan","TS_GP_EXT_PAKRES_M.Z00010","Gold","31-Dec-2019","3165","Million USD","Normal",""
"Gold and Foreign Exchange Reserves of Pakistan","TS_GP_EXT_PAKRES_M.Z00010","Gold","30-Nov-2019","3034","Million USD","Normal",""
"Gold and Foreign Exchange Reserves of Pakistan","TS_GP_EXT_PAKRES_M.Z00010","Gold","31-Oct-2019","3140","Million USD","Normal",""
"Gold and Foreign Exchange Reserves of Pakistan","TS_GP_EXT_PAKRES_M.Z00010","Gold","30-Sep-2019","3087","Million USD","Normal",""
"Gold and Foreign Exchange Reserves of Pakistan","TS_GP_EXT_PAKRES_M.Z00010","Gold","31-Aug-2019","3176","Million USD","Normal",""
"Gold and Foreign Exchange Reserves of Pakistan","TS_GP_EXT_PAKRES_M.Z00010","Gold","31-Jul-2019","2967","Million USD","Normal",""
"Gold and Foreign Exchange Reserves of Pakistan","TS_GP_EXT_PAKRES_M.Z00010","Gold","30-Jun-2019","2928","Million USD","Normal",""
"Gold and Foreign Exchange Reserves of Pakistan","TS_GP_EXT_PAKRES_M.Z00010","Gold","31-May-2019","2691","Million USD","Normal",""
"Gold and Foreign Exchange Reserves of Pakistan","TS_GP_EXT_PAKRES_M.Z00010","Gold","30-Apr-2019","2664","Million USD","Normal",""
"Gold and Foreign Exchange Reserves of Pakistan","TS_GP_EXT_PAKRES_M.Z00010","Gold","31-Mar-2019","2691","Million USD","Normal",""
"Gold and Foreign Exchange Reserves of Pakistan","TS_GP_EXT_PAKRES_M.Z00010","Gold","28-Feb-2019","2740","Million USD","Normal",""
"Gold and Foreign Exchange Reserves of Pakistan","TS_GP_EXT_PAKRES_M.Z00010","Gold","31-Jan-2019","2749","Million USD","Normal",""
"Gold and Foreign Exchange Reserves of Pakistan","TS_GP_EXT_PAKRES_M.Z00010","Gold","31-Dec-2018","2662","Million USD","Normal",""
"Gold and Foreign Exchange Reserves of Pakistan","TS_GP_EXT_PAKRES_M.Z00010","Gold","30-Nov-2018","2529","Million USD","Normal",""
"Gold and Foreign Exchange Reserves of Pakistan","TS_GP_EXT_PAKRES_M.Z00010","Gold","31-Oct-2018","2524","Million USD","Normal",""
"Gold and Foreign Exchange Reserves of Pakistan","TS_GP_EXT_PAKRES_M.Z00010","Gold","30-Sep-2018","2466","Million USD","Normal",""
"Gold and Foreign Exchange Reserves of Pakistan","TS_GP_EXT_PAKRES_M.Z00010","Gold","31-Aug-2018","2498","Million USD","Normal",""
"Gold and Foreign Exchange Reserves of Pakistan","TS_GP_EXT_PAKRES_M.Z00010","Gold","31-Jul-2018","2536","Million USD","Normal",""
"Gold and Foreign Exchange Reserves of Pakistan","TS_GP_EXT_PAKRES_M.Z00010","Gold","30-Jun-2018","2597","Million USD","Normal",""
"Gold and Foreign Exchange Reserves of Pakistan","TS_GP_EXT_PAKRES_M.Z00010","Gold","31-May-2018","2712","Million USD","Normal",""
"Gold and Foreign Exchange Reserves of Pakistan","TS_GP_EXT_PAKRES_M.Z00010","Gold","30-Apr-2018","2726","Million USD","Normal",""
"Gold and Foreign Exchange Reserves of Pakistan","TS_GP_EXT_PAKRES_M.Z00010","Gold","31-Mar-2018","2748","Million USD","Normal",""
"Gold and Foreign Exchange Reserves of Pakistan","TS_GP_EXT_PAKRES_M.Z00010","Gold","28-Feb-2018","2736","Million USD","Normal",""
"Gold and Foreign Exchange Reserves of Pakistan","TS_GP_EXT_PAKRES_M.Z00010","Gold","31-Jan-2018","2792","Million USD","Normal",""
"Gold and Foreign Exchange Reserves of Pakistan","TS_GP_EXT_PAKRES_M.Z00010","Gold","31-Dec-2017","2691","Million USD","Normal",""
"Gold and Foreign Exchange Reserves of Pakistan","TS_GP_EXT_PAKRES_M.Z00010","Gold","30-Nov-2017","2657","Million USD","Normal",""
"Gold and Foreign Exchange Reserves of Pakistan","TS_GP_EXT_PAKRES_M.Z00010","Gold","31-Oct-2017","2636","Million USD","Normal",""
"Gold and Foreign Exchange Reserves of Pakistan","TS_GP_EXT_PAKRES_M.Z00010","Gold","30-Sep-2017","2663","Million USD","Normal",""
"Gold and Foreign Exchange Reserves of Pakistan","TS_GP_EXT_PAKRES_M.Z00010","Gold","31-Aug-2017","2723","Million USD","Normal",""
"Gold and Foreign Exchange Reserves of Pakistan","TS_GP_EXT_PAKRES_M.Z00010","Gold","31-Jul-2017","2631","Million USD","Normal",""
"Gold and Foreign Exchange Reserves of Pakistan","TS_GP_EXT_PAKRES_M.Z00010","Gold","30-Jun-2017","2578","Million USD","Normal",""
"Gold and Foreign Exchange Reserves of Pakistan","TS_GP_EXT_PAKRES_M.Z00010","Gold","31-May-2017","2627","Million USD","Normal",""
"Gold and Foreign Exchange Reserves of Pakistan","TS_GP_EXT_PAKRES_M.Z00010","Gold","30-Apr-2017","2627","Million USD","Normal",""
"Gold and Foreign Exchange Reserves of Pakistan","TS_GP_EXT_PAKRES_M.Z00010","Gold","31-Mar-2017","2582","Million USD","Normal",""
"Gold and Foreign Exchange Reserves of Pakistan","TS_GP_EXT_PAKRES_M.Z00010","Gold","28-Feb-2017","2605","Million USD","Normal",""
"Gold and Foreign Exchange Reserves of Pakistan","TS_GP_EXT_PAKRES_M.Z00010","Gold","31-Jan-2017","2516","Million USD","Normal",""
"Gold and Foreign Exchange Reserves of Pakistan","TS_GP_EXT_PAKRES_M.Z00010","Gold","31-Dec-2016","2405","Million USD","Normal",""
"Gold and Foreign Exchange Reserves of Pakistan","TS_GP_EXT_PAKRES_M.Z00010","Gold","30-Nov-2016","2444","Million USD","Normal",""
"Gold and Foreign Exchange Reserves of Pakistan","TS_GP_EXT_PAKRES_M.Z00010","Gold","31-Oct-2016","2638","Million USD","Normal",""
"Gold and Foreign Exchange Reserves of Pakistan","TS_GP_EXT_PAKRES_M.Z00010","Gold","30-Sep-2016","2743","Million USD","Normal",""
"Gold and Foreign Exchange Reserves of Pakistan","TS_GP_EXT_PAKRES_M.Z00010","Gold","31-Aug-2016","2715","Million USD","Normal",""
"Gold and Foreign Exchange Reserves of Pakistan","TS_GP_EXT_PAKRES_M.Z00010","Gold","31-Jul-2016","2783","Million USD","Normal",""
"Gold and Foreign Exchange Reserves of Pakistan","TS_GP_EXT_PAKRES_M.Z00010","Gold","30-Jun-2016","2739","Million USD","Normal",""
"Gold and Foreign Exchange Reserves of Pakistan","TS_GP_EXT_PAKRES_M.Z00010","Gold","31-May-2016","2514","Million USD","Normal",""
"Gold and Foreign Exchange Reserves of Pakistan","TS_GP_EXT_PAKRES_M.Z00010","Gold","30-Apr-2016","2666","Million USD","Normal",""
"Gold and Foreign Exchange Reserves of Pakistan","TS_GP_EXT_PAKRES_M.Z00010","Gold","31-Mar-2016","2565","Million USD","Normal",""
"Gold and Foreign Exchange Reserves of Pakistan","TS_GP_EXT_PAKRES_M.Z00010","Gold","29-Feb-2016","2561","Million USD","Normal",""
"Gold and Foreign Exchange Reserves of Pakistan","TS_GP_EXT_PAKRES_M.Z00010","Gold","31-Jan-2016","2306","Million USD","Normal",""
"Gold and Foreign Exchange Reserves of Pakistan","TS_GP_EXT_PAKRES_M.Z00010","Gold","31-Dec-2015","2203","Million USD","Normal",""
"Gold and Foreign Exchange Reserves of Pakistan","TS_GP_EXT_PAKRES_M.Z00010","Gold","30-Nov-2015","2202","Million USD","Normal",""
"Gold and Foreign Exchange Reserves of Pakistan","TS_GP_EXT_PAKRES_M.Z00010","Gold","31-Oct-2015","2369","Million USD","Normal",""
"Gold and Foreign Exchange Reserves of Pakistan","TS_GP_EXT_PAKRES_M.Z00010","Gold","30-Sep-2015","2310","Million USD","Normal",""
"Gold and Foreign Exchange Reserves of Pakistan","TS_GP_EXT_PAKRES_M.Z00010","Gold","31-Aug-2015","2354","Million USD","Normal",""
"Gold and Foreign Exchange Reserves of Pakistan","TS_GP_EXT_PAKRES_M.Z00010","Gold","31-Jul-2015","2278","Million USD","Normal",""
"Gold and Foreign Exchange Reserves of Pakistan","TS_GP_EXT_PAKRES_M.Z00010","Gold","30-Jun-2015","2428","Million USD","Normal",""
"Gold and Foreign Exchange Reserves of Pakistan","TS_GP_EXT_PAKRES_M.Z00010","Gold","31-May-2015","2469","Million USD","Normal",""
"Gold and Foreign Exchange Reserves of Pakistan","TS_GP_EXT_PAKRES_M.Z00010","Gold","30-Apr-2015","2446","Million USD","Normal",""
"Gold and Foreign Exchange Reserves of Pakistan","TS_GP_EXT_PAKRES_M.Z00010","Gold","31-Mar-2015","2460","Million USD","Normal",""
"Gold and Foreign Exchange Reserves of Pakistan","TS_GP_EXT_PAKRES_M.Z00010","Gold","28-Feb-2015","2516","Million USD","Normal",""
"Gold and Foreign Exchange Reserves of Pakistan","TS_GP_EXT_PAKRES_M.Z00010","Gold","31-Jan-2015","2612","Million USD","Normal",""
"Gold and Foreign Exchange Reserves of Pakistan","TS_GP_EXT_PAKRES_M.Z00010","Gold","31-Dec-2014","2486","Million USD","Normal",""
"Gold and Foreign Exchange Reserves of Pakistan","TS_GP_EXT_PAKRES_M.Z00010","Gold","30-Nov-2014","2452","Million USD","Normal",""
"Gold and Foreign Exchange Reserves of Pakistan","TS_GP_EXT_PAKRES_M.Z00010","Gold","31-Oct-2014","2413","Million USD","Normal",""
"Gold and Foreign Exchange Reserves of Pakistan","TS_GP_EXT_PAKRES_M.Z00010","Gold","30-Sep-2014","2521","Million USD","Normal",""
"Gold and Foreign Exchange Reserves of Pakistan","TS_GP_EXT_PAKRES_M.Z00010","Gold","31-Aug-2014","2665","Million USD","Normal",""
"Gold and Foreign Exchange Reserves of Pakistan","TS_GP_EXT_PAKRES_M.Z00010","Gold","31-Jul-2014","2664","Million USD","Normal",""
"Gold and Foreign Exchange Reserves of Pakistan","TS_GP_EXT_PAKRES_M.Z00010","Gold","30-Jun-2014","2726","Million USD","Normal",""
"Gold and Foreign Exchange Reserves of Pakistan","TS_GP_EXT_PAKRES_M.Z00010","Gold","31-May-2014","2591","Million USD","Normal",""
"Gold and Foreign Exchange Reserves of Pakistan","TS_GP_EXT_PAKRES_M.Z00010","Gold","30-Apr-2014","2669","Million USD","Normal",""
"Gold and Foreign Exchange Reserves of Pakistan","TS_GP_EXT_PAKRES_M.Z00010","Gold","31-Mar-2014","2676","Million USD","Normal",""
"Gold and Foreign Exchange Reserves of Pakistan","TS_GP_EXT_PAKRES_M.Z00010","Gold","28-Feb-2014","2748","Million USD","Normal",""
"Gold and Foreign Exchange Reserves of Pakistan","TS_GP_EXT_PAKRES_M.Z00010","Gold","31-Jan-2014","2592","Million USD","Normal",""
"Gold and Foreign Exchange Reserves of Pakistan","TS_GP_EXT_PAKRES_M.Z00010","Gold","31-Dec-2013","2489","Million USD","Normal",""
"Gold and Foreign Exchange Reserves of Pakistan","TS_GP_EXT_PAKRES_M.Z00010","Gold","30-Nov-2013","2596","Million USD","Normal",""
"Gold and Foreign Exchange Reserves of Pakistan","TS_GP_EXT_PAKRES_M.Z00010","Gold","31-Oct-2013","2743","Million USD","Normal",""
"Gold and Foreign Exchange Reserves of Pakistan","TS_GP_EXT_PAKRES_M.Z00010","Gold","30-Sep-2013","2748","Million USD","Normal",""
"Gold and Foreign Exchange Reserves of Pakistan","TS_GP_EXT_PAKRES_M.Z00010","Gold","31-Aug-2013","2889","Million USD","Normal",""
"Gold and Foreign Exchange Reserves of Pakistan","TS_GP_EXT_PAKRES_M.Z00010","Gold","31-Jul-2013","2723","Million USD","Normal",""
"Gold and Foreign Exchange Reserves of Pakistan","TS_GP_EXT_PAKRES_M.Z00010","Gold","30-Jun-2013","2469","Million USD","Normal",""
"Gold and Foreign Exchange Reserves of Pakistan","TS_GP_EXT_PAKRES_M.Z00010","Gold","31-May-2013","2889","Million USD","Normal",""
"Gold and Foreign Exchange Reserves of Pakistan","TS_GP_EXT_PAKRES_M.Z00010","Gold","30-Apr-2013","3043","Million USD","Normal",""
"Gold and Foreign Exchange Reserves of Pakistan","TS_GP_EXT_PAKRES_M.Z00010","Gold","31-Mar-2013","3311","Million USD","Normal",""
"Gold and Foreign Exchange Reserves of Pakistan","TS_GP_EXT_PAKRES_M.Z00010","Gold","28-Feb-2013","3291","Million USD","Normal",""
"Gold and Foreign Exchange Reserves of Pakistan","TS_GP_EXT_PAKRES_M.Z00010","Gold","31-Jan-2013","3449","Million USD","Normal",""
"Gold and Foreign Exchange Reserves of Pakistan","TS_GP_EXT_PAKRES_M.Z00010","Gold","31-Dec-2012","3433","Million USD","Normal",""
"Gold and Foreign Exchange Reserves of Pakistan","TS_GP_EXT_PAKRES_M.Z00010","Gold","30-Nov-2012","3575","Million USD","Normal",""
"Gold and Foreign Exchange Reserves of Pakistan","TS_GP_EXT_PAKRES_M.Z00010","Gold","31-Oct-2012","3561","Million USD","Normal",""
"Gold and Foreign Exchange Reserves of Pakistan","TS_GP_EXT_PAKRES_M.Z00010","Gold","30-Sep-2012","3679","Million USD","Normal",""
"Gold and Foreign Exchange Reserves of Pakistan","TS_GP_EXT_PAKRES_M.Z00010","Gold","31-Aug-2012","3415","Million USD","Normal",""
"Gold and Foreign Exchange Reserves of Pakistan","TS_GP_EXT_PAKRES_M.Z00010","Gold","31-Jul-2012","3360","Million USD","Normal",""
"Gold and Foreign Exchange Reserves of Pakistan","TS_GP_EXT_PAKRES_M.Z00010","Gold","30-Jun-2012","3311","Million USD","Normal",""
"Gold and Foreign Exchange Reserves of Pakistan","TS_GP_EXT_PAKRES_M.Z00010","Gold","31-May-2012","3226","Million USD","Normal",""
"Gold and Foreign Exchange Reserves of Pakistan","TS_GP_EXT_PAKRES_M.Z00010","Gold","30-Apr-2012","3419","Million USD","Normal",""
"Gold and Foreign Exchange Reserves of Pakistan","TS_GP_EXT_PAKRES_M.Z00010","Gold","31-Mar-2012","3442","Million USD","Normal",""
"Gold and Foreign Exchange Reserves of Pakistan","TS_GP_EXT_PAKRES_M.Z00010","Gold","29-Feb-2012","3665","Million USD","Normal",""
"Gold and Foreign Exchange Reserves of Pakistan","TS_GP_EXT_PAKRES_M.Z00010","Gold","31-Jan-2012","3611","Million USD","Normal",""
"Gold and Foreign Exchange Reserves of Pakistan","TS_GP_EXT_PAKRES_M.Z00010","Gold","31-Dec-2011","3170","Million USD","Normal",""
"Gold and Foreign Exchange Reserves of Pakistan","TS_GP_EXT_PAKRES_M.Z00010","Gold","30-Nov-2011","3615","Million USD","Normal",""
"Gold and Foreign Exchange Reserves of Pakistan","TS_GP_EXT_PAKRES_M.Z00010","Gold","31-Oct-2011","3565","Million USD","Normal",""
"Gold and Foreign Exchange Reserves of Pakistan","TS_GP_EXT_PAKRES_M.Z00010","Gold","30-Sep-2011","3354","Million USD","Normal",""
"Gold and Foreign Exchange Reserves of Pakistan","TS_GP_EXT_PAKRES_M.Z00010","Gold","31-Aug-2011","3779","Million USD","Normal",""
"Gold and Foreign Exchange Reserves of Pakistan","TS_GP_EXT_PAKRES_M.Z00010","Gold","31-Jul-2011","3372","Million USD","Normal",""
"Gold and Foreign Exchange Reserves of Pakistan","TS_GP_EXT_PAKRES_M.Z00010","Gold","30-Jun-2011","3117","Million USD","Normal",""
"Gold and Foreign Exchange Reserves of Pakistan","TS_GP_EXT_PAKRES_M.Z00010","Gold","31-May-2011","3181","Million USD","Normal",""
"Gold and Foreign Exchange Reserves of Pakistan","TS_GP_EXT_PAKRES_M.Z00010","Gold","30-Apr-2011","3179","Million USD","Normal",""
"Gold and Foreign Exchange Reserves of Pakistan","TS_GP_EXT_PAKRES_M.Z00010","Gold","31-Mar-2011","2979","Million USD","Normal",""
"Gold and Foreign Exchange Reserves of Pakistan","TS_GP_EXT_PAKRES_M.Z00010","Gold","28-Feb-2011","2921","Million USD","Normal",""
"Gold and Foreign Exchange Reserves of Pakistan","TS_GP_EXT_PAKRES_M.Z00010","Gold","31-Jan-2011","2747","Million USD","Normal",""
"Gold and Foreign Exchange Reserves of Pakistan","TS_GP_EXT_PAKRES_M.Z00010","Gold","31-Dec-2010","2910","Million USD","Normal",""
"Gold and Foreign Exchange Reserves of Pakistan","TS_GP_EXT_PAKRES_M.Z00010","Gold","30-Nov-2010","2864","Million USD","Normal",""
"Gold and Foreign Exchange Reserves of Pakistan","TS_GP_EXT_PAKRES_M.Z00010","Gold","31-Oct-2010","2788","Million USD","Normal",""
"Gold and Foreign Exchange Reserves of Pakistan","TS_GP_EXT_PAKRES_M.Z00010","Gold","30-Sep-2010","2706","Million USD","Normal",""
"Gold and Foreign Exchange Reserves of Pakistan","TS_GP_EXT_PAKRES_M.Z00010","Gold","31-Aug-2010","2579","Million USD","Normal",""
"Gold and Foreign Exchange Reserves of Pakistan","TS_GP_EXT_PAKRES_M.Z00010","Gold","31-Jul-2010","2420","Million USD","Normal",""
"Gold and Foreign Exchange Reserves of Pakistan","TS_GP_EXT_PAKRES_M.Z00010","Gold","30-Jun-2010","2575","Million USD","Normal",""
"Gold and Foreign Exchange Reserves of Pakistan","TS_GP_EXT_PAKRES_M.Z00010","Gold","31-May-2010","2500","Million USD","Normal",""
"Gold and Foreign Exchange Reserves of Pakistan","TS_GP_EXT_PAKRES_M.Z00010","Gold","30-Apr-2010","2441","Million USD","Normal",""
"Gold and Foreign Exchange Reserves of Pakistan","TS_GP_EXT_PAKRES_M.Z00010","Gold","31-Mar-2010","2309","Million USD","Normal",""
"Gold and Foreign Exchange Reserves of Pakistan","TS_GP_EXT_PAKRES_M.Z00010","Gold","28-Feb-2010","2294","Million USD","Normal",""
"Gold and Foreign Exchange Reserves of Pakistan","TS_GP_EXT_PAKRES_M.Z00010","Gold","31-Jan-2010","2233","Million USD","Normal",""
"Gold and Foreign Exchange Reserves of Pakistan","TS_GP_EXT_PAKRES_M.Z00010","Gold","31-Dec-2009","2286","Million USD","Normal",""
"Gold and Foreign Exchange Reserves of Pakistan","TS_GP_EXT_PAKRES_M.Z00010","Gold","30-Nov-2009","2434","Million USD","Normal",""
"Gold and Foreign Exchange Reserves of Pakistan","TS_GP_EXT_PAKRES_M.Z00010","Gold","31-Oct-2009","2153","Million USD","Normal",""
"Gold and Foreign Exchange Reserves of Pakistan","TS_GP_EXT_PAKRES_M.Z00010","Gold","30-Sep-2009","2061","Million USD","Normal",""
"Gold and Foreign Exchange Reserves of Pakistan","TS_GP_EXT_PAKRES_M.Z00010","Gold","31-Aug-2009","1978","Million USD","Normal",""
"Gold and Foreign Exchange Reserves of Pakistan","TS_GP_EXT_PAKRES_M.Z00010","Gold","31-Jul-2009","1944","Million USD","Normal",""
"Gold and Foreign Exchange Reserves of Pakistan","TS_GP_EXT_PAKRES_M.Z00010","Gold","30-Jun-2009","1935","Million USD","Normal",""
"Gold and Foreign Exchange Reserves of Pakistan","TS_GP_EXT_PAKRES_M.Z00010","Gold","31-May-2009","2019","Million USD","Normal",""
"Gold and Foreign Exchange Reserves of Pakistan","TS_GP_EXT_PAKRES_M.Z00010","Gold","30-Apr-2009","1829","Million USD","Normal",""
"Gold and Foreign Exchange Reserves of Pakistan","TS_GP_EXT_PAKRES_M.Z00010","Gold","31-Mar-2009","1897","Million USD","Normal",""
"Gold and Foreign Exchange Reserves of Pakistan","TS_GP_EXT_PAKRES_M.Z00010","Gold","28-Feb-2009","1971","Million USD","Normal",""
"Gold and Foreign Exchange Reserves of Pakistan","TS_GP_EXT_PAKRES_M.Z00010","Gold","31-Jan-2009","1904","Million USD","Normal",""
"Gold and Foreign Exchange Reserves of Pakistan","TS_GP_EXT_PAKRES_M.Z00010","Gold","31-Dec-2008","1791","Million USD","Normal",""
"Gold and Foreign Exchange Reserves of Pakistan","TS_GP_EXT_PAKRES_M.Z00010","Gold","30-Nov-2008","1686","Million USD","Normal",""
"Gold and Foreign Exchange Reserves of Pakistan","TS_GP_EXT_PAKRES_M.Z00010","Gold","31-Oct-2008","1513","Million USD","Normal",""
"Gold and Foreign Exchange Reserves of Pakistan","TS_GP_EXT_PAKRES_M.Z00010","Gold","30-Sep-2008","1831","Million USD","Normal",""
"Gold and Foreign Exchange Reserves of Pakistan","TS_GP_EXT_PAKRES_M.Z00010","Gold","31-Aug-2008","1724","Million USD","Normal",""
"Gold and Foreign Exchange Reserves of Pakistan","TS_GP_EXT_PAKRES_M.Z00010","Gold","31-Jul-2008","1900","Million USD","Normal",""
"Gold and Foreign Exchange Reserves of Pakistan","TS_GP_EXT_PAKRES_M.Z00010","Gold","30-Jun-2008","1926","Million USD","Normal",""
"Gold and Foreign Exchange Reserves of Pakistan","TS_GP_EXT_PAKRES_M.Z00010","Gold","31-May-2008","1834","Million USD","Normal",""
"Gold and Foreign Exchange Reserves of Pakistan","TS_GP_EXT_PAKRES_M.Z00010","Gold","30-Apr-2008","1803","Million USD","Normal",""
"Gold and Foreign Exchange Reserves of Pakistan","TS_GP_EXT_PAKRES_M.Z00010","Gold","31-Mar-2008","1932","Million USD","Normal",""
"Gold and Foreign Exchange Reserves of Pakistan","TS_GP_EXT_PAKRES_M.Z00010","Gold","29-Feb-2008","2011","Million USD","Normal",""
"Gold and Foreign Exchange Reserves of Pakistan","TS_GP_EXT_PAKRES_M.Z00010","Gold","31-Jan-2008","1911","Million USD","Normal",""
"Gold and Foreign Exchange Reserves of Pakistan","TS_GP_EXT_PAKRES_M.Z00010","Gold","31-Dec-2007","1732","Million USD","Normal",""
"Gold and Foreign Exchange Reserves of Pakistan","TS_GP_EXT_PAKRES_M.Z00010","Gold","30-Nov-2007","1622","Million USD","Normal",""
"Gold and Foreign Exchange Reserves of Pakistan","TS_GP_EXT_PAKRES_M.Z00010","Gold","31-Oct-2007","1634","Million USD","Normal",""
"Gold and Foreign Exchange Reserves of Pakistan","TS_GP_EXT_PAKRES_M.Z00010","Gold","30-Sep-2007","1535","Million USD","Normal",""
"Gold and Foreign Exchange Reserves of Pakistan","TS_GP_EXT_PAKRES_M.Z00010","Gold","31-Aug-2007","1389","Million USD","Normal",""
"Gold and Foreign Exchange Reserves of Pakistan","TS_GP_EXT_PAKRES_M.Z00010","Gold","31-Jul-2007","1375","Million USD","Normal",""
"Gold and Foreign Exchange Reserves of Pakistan","TS_GP_EXT_PAKRES_M.Z00010","Gold","30-Jun-2007","1344","Million USD","Normal",""
"Gold and Foreign Exchange Reserves of Pakistan","TS_GP_EXT_PAKRES_M.Z00010","Gold","31-May-2007","1268","Million USD","Normal",""
"Gold and Foreign Exchange Reserves of Pakistan","TS_GP_EXT_PAKRES_M.Z00010","Gold","30-Apr-2007","1268","Million USD","Normal",""
"Gold and Foreign Exchange Reserves of Pakistan","TS_GP_EXT_PAKRES_M.Z00010","Gold","31-Mar-2007","1268","Million USD","Normal",""
"Gold and Foreign Exchange Reserves of Pakistan","TS_GP_EXT_PAKRES_M.Z00010","Gold","28-Feb-2007","1268","Million USD","Normal",""
"Gold and Foreign Exchange Reserves of Pakistan","TS_GP_EXT_PAKRES_M.Z00010","Gold","31-Jan-2007","1268","Million USD","Normal",""
"Gold and Foreign Exchange Reserves of Pakistan","TS_GP_EXT_PAKRES_M.Z00010","Gold","31-Dec-2006","1268","Million USD","Normal",""
"Gold and Foreign Exchange Reserves of Pakistan","TS_GP_EXT_PAKRES_M.Z00010","Gold","30-Nov-2006","1268","Million USD","Normal",""
"Gold and Foreign Exchange Reserves of Pakistan","TS_GP_EXT_PAKRES_M.Z00010","Gold","31-Oct-2006","1268","Million USD","Normal",""
"Gold and Foreign Exchange Reserves of Pakistan","TS_GP_EXT_PAKRES_M.Z00010","Gold","30-Sep-2006","1268","Million USD","Normal",""
"Gold and Foreign Exchange Reserves of Pakistan","TS_GP_EXT_PAKRES_M.Z00010","Gold","31-Aug-2006","1268","Million USD","Normal",""
"Gold and Foreign Exchange Reserves of Pakistan","TS_GP_EXT_PAKRES_M.Z00010","Gold","31-Jul-2006","1268","Million USD","Normal",""
"Gold and Foreign Exchange Reserves of Pakistan","TS_GP_EXT_PAKRES_M.Z00010","Gold","30-Jun-2006","1268","Million USD","Normal",""
"Gold and Foreign Exchange Reserves of Pakistan","TS_GP_EXT_PAKRES_M.Z00010","Gold","31-May-2006","903","Million USD","Normal",""
"Gold and Foreign Exchange Reserves of Pakistan","TS_GP_EXT_PAKRES_M.Z00010","Gold","30-Apr-2006","903","Million USD","Normal",""
"Gold and Foreign Exchange Reserves of Pakistan","TS_GP_EXT_PAKRES_M.Z00010","Gold","31-Mar-2006","903","Million USD","Normal",""
"Gold and Foreign Exchange Reserves of Pakistan","TS_GP_EXT_PAKRES_M.Z00010","Gold","28-Feb-2006","903","Million USD","Normal",""
"Gold and Foreign Exchange Reserves of Pakistan","TS_GP_EXT_PAKRES_M.Z00010","Gold","31-Jan-2006","903","Million USD","Normal",""
"Gold and Foreign Exchange Reserves of Pakistan","TS_GP_EXT_PAKRES_M.Z00010","Gold","31-Dec-2005","903","Million USD","Normal",""
"Gold and Foreign Exchange Reserves of Pakistan","TS_GP_EXT_PAKRES_M.Z00010","Gold","30-Nov-2005","903","Million USD","Normal",""
"Gold and Foreign Exchange Reserves of Pakistan","TS_GP_EXT_PAKRES_M.Z00010","Gold","31-Oct-2005","903","Million USD","Normal",""
"Gold and Foreign Exchange Reserves of Pakistan","TS_GP_EXT_PAKRES_M.Z00010","Gold","30-Sep-2005","903","Million USD","Normal",""
"Gold and Foreign Exchange Reserves of Pakistan","TS_GP_EXT_PAKRES_M.Z00010","Gold","31-Aug-2005","903","Million USD","Normal",""
"Gold and Foreign Exchange Reserves of Pakistan","TS_GP_EXT_PAKRES_M.Z00010","Gold","31-Jul-2005","903","Million USD","Normal",""
"Gold and Foreign Exchange Reserves of Pakistan","TS_GP_EXT_PAKRES_M.Z00010","Gold","30-Jun-2005","917","Million USD","Normal",""
"Gold and Foreign Exchange Reserves of Pakistan","TS_GP_EXT_PAKRES_M.Z00010","Gold","31-May-2005","831","Million USD","Normal",""
"Gold and Foreign Exchange Reserves of Pakistan","TS_GP_EXT_PAKRES_M.Z00010","Gold","30-Apr-2005","831","Million USD","Normal",""
"Gold and Foreign Exchange Reserves of Pakistan","TS_GP_EXT_PAKRES_M.Z00010","Gold","31-Mar-2005","831","Million USD","Normal",""
"Gold and Foreign Exchange Reserves of Pakistan","TS_GP_EXT_PAKRES_M.Z00010","Gold","28-Feb-2005","831","Million USD","Normal",""
"Gold and Foreign Exchange Reserves of Pakistan","TS_GP_EXT_PAKRES_M.Z00010","Gold","31-Jan-2005","831","Million USD","Normal",""
"Gold and Foreign Exchange Reserves of Pakistan","TS_GP_EXT_PAKRES_M.Z00010","Gold","31-Dec-2004","831","Million USD","Normal",""
"Gold and Foreign Exchange Reserves of Pakistan","TS_GP_EXT_PAKRES_M.Z00010","Gold","30-Nov-2004","831","Million USD","Normal",""
"Gold and Foreign Exchange Reserves of Pakistan","TS_GP_EXT_PAKRES_M.Z00010","Gold","31-Oct-2004","831","Million USD","Normal",""
"Gold and Foreign Exchange Reserves of Pakistan","TS_GP_EXT_PAKRES_M.Z00010","Gold","30-Sep-2004","831","Million USD","Normal",""
"Gold and Foreign Exchange Reserves of Pakistan","TS_GP_EXT_PAKRES_M.Z00010","Gold","31-Aug-2004","831","Million USD","Normal",""
"Gold and Foreign Exchange Reserves of Pakistan","TS_GP_EXT_PAKRES_M.Z00010","Gold","31-Jul-2004","831","Million USD","Normal",""
"Gold and Foreign Exchange Reserves of Pakistan","TS_GP_EXT_PAKRES_M.Z00010","Gold","30-Jun-2004","831","Million USD","Normal",""
"Gold and Foreign Exchange Reserves of Pakistan","TS_GP_EXT_PAKRES_M.Z00010","Gold","31-May-2004","725","Million USD","Normal",""
"Gold and Foreign Exchange Reserves of Pakistan","TS_GP_EXT_PAKRES_M.Z00010","Gold","30-Apr-2004","725","Million USD","Normal",""
"Gold and Foreign Exchange Reserves of Pakistan","TS_GP_EXT_PAKRES_M.Z00010","Gold","31-Mar-2004","725","Million USD","Normal",""
"Gold and Foreign Exchange Reserves of Pakistan","TS_GP_EXT_PAKRES_M.Z00010","Gold","29-Feb-2004","725","Million USD","Normal",""
"Gold and Foreign Exchange Reserves of Pakistan","TS_GP_EXT_PAKRES_M.Z00010","Gold","31-Jan-2004","725","Million USD","Normal",""
"Gold and Foreign Exchange Reserves of Pakistan","TS_GP_EXT_PAKRES_M.Z00010","Gold","31-Dec-2003","725","Million USD","Normal",""
"Gold and Foreign Exchange Reserves of Pakistan","TS_GP_EXT_PAKRES_M.Z00010","Gold","30-Nov-2003","725","Million USD","Normal",""
"Gold and Foreign Exchange Reserves of Pakistan","TS_GP_EXT_PAKRES_M.Z00010","Gold","31-Oct-2003","725","Million USD","Normal",""
"Gold and Foreign Exchange Reserves of Pakistan","TS_GP_EXT_PAKRES_M.Z00010","Gold","30-Sep-2003","725","Million USD","Normal",""
"Gold and Foreign Exchange Reserves of Pakistan","TS_GP_EXT_PAKRES_M.Z00010","Gold","31-Aug-2003","725","Million USD","Normal",""
"Gold and Foreign Exchange Reserves of Pakistan","TS_GP_EXT_PAKRES_M.Z00010","Gold","31-Jul-2003","725","Million USD","Normal",""
"Gold and Foreign Exchange Reserves of Pakistan","TS_GP_EXT_PAKRES_M.Z00010","Gold","30-Jun-2003","725","Million USD","Normal",""
"Gold and Foreign Exchange Reserves of Pakistan","TS_GP_EXT_PAKRES_M.Z00010","Gold","31-May-2003","667","Million USD","Normal",""
"Gold and Foreign Exchange Reserves of Pakistan","TS_GP_EXT_PAKRES_M.Z00010","Gold","30-Apr-2003","667","Million USD","Normal",""
"Gold and Foreign Exchange Reserves of Pakistan","TS_GP_EXT_PAKRES_M.Z00010","Gold","31-Mar-2003","667","Million USD","Normal",""
"Gold and Foreign Exchange Reserves of Pakistan","TS_GP_EXT_PAKRES_M.Z00010","Gold","28-Feb-2003","667","Million USD","Normal",""
"Gold and Foreign Exchange Reserves of Pakistan","TS_GP_EXT_PAKRES_M.Z00010","Gold","31-Jan-2003","667","Million USD","Normal",""
"Gold and Foreign Exchange Reserves of Pakistan","TS_GP_EXT_PAKRES_M.Z00010","Gold","31-Dec-2002","667","Million USD","Normal",""
"Gold and Foreign Exchange Reserves of Pakistan","TS_GP_EXT_PAKRES_M.Z00010","Gold","30-Nov-2002","667","Million USD","Normal",""
"Gold and Foreign Exchange Reserves of Pakistan","TS_GP_EXT_PAKRES_M.Z00010","Gold","31-Oct-2002","667","Million USD","Normal",""
"Gold and Foreign Exchange Reserves of Pakistan","TS_GP_EXT_PAKRES_M.Z00010","Gold","30-Sep-2002","667","Million USD","Normal",""
"Gold and Foreign Exchange Reserves of Pakistan","TS_GP_EXT_PAKRES_M.Z00010","Gold","31-Aug-2002","667","Million USD","Normal",""
"Gold and Foreign Exchange Reserves of Pakistan","TS_GP_EXT_PAKRES_M.Z00010","Gold","31-Jul-2002","667","Million USD","Normal",""
"Gold and Foreign Exchange Reserves of Pakistan","TS_GP_EXT_PAKRES_M.Z00010","Gold","30-Jun-2002","667","Million USD","Normal",""
"Gold and Foreign Exchange Reserves of Pakistan","TS_GP_EXT_PAKRES_M.Z00010","Gold","31-May-2002","566","Million USD","Normal",""
"Gold and Foreign Exchange Reserves of Pakistan","TS_GP_EXT_PAKRES_M.Z00010","Gold","30-Apr-2002","566","Million USD","Normal",""
"Gold and Foreign Exchange Reserves of Pakistan","TS_GP_EXT_PAKRES_M.Z00010","Gold","31-Mar-2002","566","Million USD","Normal",""
"Gold and Foreign Exchange Reserves of Pakistan","TS_GP_EXT_PAKRES_M.Z00010","Gold","28-Feb-2002","566","Million USD","Normal",""
"Gold and Foreign Exchange Reserves of Pakistan","TS_GP_EXT_PAKRES_M.Z00010","Gold","31-Jan-2002","566","Million USD","Normal",""
"Gold and Foreign Exchange Reserves of Pakistan","TS_GP_EXT_PAKRES_M.Z00010","Gold","31-Dec-2001","566","Million USD","Normal",""
"Gold and Foreign Exchange Reserves of Pakistan","TS_GP_EXT_PAKRES_M.Z00010","Gold","30-Nov-2001","566","Million USD","Normal",""
"Gold and Foreign Exchange Reserves of Pakistan","TS_GP_EXT_PAKRES_M.Z00010","Gold","31-Oct-2001","566","Million USD","Normal",""
"Gold and Foreign Exchange Reserves of Pakistan","TS_GP_EXT_PAKRES_M.Z00010","Gold","30-Sep-2001","566","Million USD","Normal",""
"Gold and Foreign Exchange Reserves of Pakistan","TS_GP_EXT_PAKRES_M.Z00010","Gold","31-Aug-2001","566","Million USD","Normal",""
"Gold and Foreign Exchange Reserves of Pakistan","TS_GP_EXT_PAKRES_M.Z00010","Gold","31-Jul-2001","566","Million USD","Normal",""
"Gold and Foreign Exchange Reserves of Pakistan","TS_GP_EXT_PAKRES_M.Z00010","Gold","30-Jun-2001","566","Million USD","Normal",""
"Gold and Foreign Exchange Reserves of Pakistan","TS_GP_EXT_PAKRES_M.Z00010","Gold","31-May-2001","603","Million USD","Normal",""
"Gold and Foreign Exchange Reserves of Pakistan","TS_GP_EXT_PAKRES_M.Z00010","Gold","30-Apr-2001","603","Million USD","Normal",""
"Gold and Foreign Exchange Reserves of Pakistan","TS_GP_EXT_PAKRES_M.Z00010","Gold","31-Mar-2001","603","Million USD","Normal",""
"Gold and Foreign Exchange Reserves of Pakistan","TS_GP_EXT_PAKRES_M.Z00010","Gold","28-Feb-2001","603","Million USD","Normal",""
"Gold and Foreign Exchange Reserves of Pakistan","TS_GP_EXT_PAKRES_M.Z00010","Gold","31-Jan-2001","603","Million USD","Normal",""
"Gold and Foreign Exchange Reserves of Pakistan","TS_GP_EXT_PAKRES_M.Z00010","Gold","31-Dec-2000","603","Million USD","Normal",""
"Gold and Foreign Exchange Reserves of Pakistan","TS_GP_EXT_PAKRES_M.Z00010","Gold","30-Nov-2000","603","Million USD","Normal",""
"Gold and Foreign Exchange Reserves of Pakistan","TS_GP_EXT_PAKRES_M.Z00010","Gold","31-Oct-2000","603","Million USD","Normal",""
"Gold and Foreign Exchange Reserves of Pakistan","TS_GP_EXT_PAKRES_M.Z00010","Gold","30-Sep-2000","603","Million USD","Normal",""
"Gold and Foreign Exchange Reserves of Pakistan","TS_GP_EXT_PAKRES_M.Z00010","Gold","31-Aug-2000","603","Million USD","Normal",""
"Gold and Foreign Exchange Reserves of Pakistan","TS_GP_EXT_PAKRES_M.Z00010","Gold","31-Jul-2000","603","Million USD","Normal",""
"Gold and Foreign Exchange Reserves of Pakistan","TS_GP_EXT_PAKRES_M.Z00010","Gold","30-Jun-2000","603","Million USD","Normal",""
"Gold and Foreign Exchange Reserves of Pakistan","TS_GP_EXT_PAKRES_M.Z00010","Gold","31-May-2000","543","Million USD","Normal",""
"Gold and Foreign Exchange Reserves of Pakistan","TS_GP_EXT_PAKRES_M.Z00010","Gold","30-Apr-2000","546","Million USD","Normal",""
"Gold and Foreign Exchange Reserves of Pakistan","TS_GP_EXT_PAKRES_M.Z00010","Gold","31-Mar-2000","546","Million USD","Normal",""
"Gold and Foreign Exchange Reserves of Pakistan","TS_GP_EXT_PAKRES_M.Z00010","Gold","29-Feb-2000","546","Million USD","Normal",""
"Gold and Foreign Exchange Reserves of Pakistan","TS_GP_EXT_PAKRES_M.Z00010","Gold","31-Jan-2000","546","Million USD","Normal",""
"Gold and Foreign Exchange Reserves of Pakistan","TS_GP_EXT_PAKRES_M.Z00010","Gold","31-Dec-1999","546","Million USD","Normal",""
"Gold and Foreign Exchange Reserves of Pakistan","TS_GP_EXT_PAKRES_M.Z00010","Gold","30-Nov-1999","546","Million USD","Normal",""
"Gold and Foreign Exchange Reserves of Pakistan","TS_GP_EXT_PAKRES_M.Z00010","Gold","31-Oct-1999","546","Million USD","Normal",""
"Gold and Foreign Exchange Reserves of Pakistan","TS_GP_EXT_PAKRES_M.Z00010","Gold","30-Sep-1999","546","Million USD","Normal",""
"Gold and Foreign Exchange Reserves of Pakistan","TS_GP_EXT_PAKRES_M.Z00010","Gold","31-Aug-1999","546","Million USD","Normal",""
"Gold and Foreign Exchange Reserves of Pakistan","TS_GP_EXT_PAKRES_M.Z00010","Gold","31-Jul-1999","546","Million USD","Normal",""
"Gold and Foreign Exchange Reserves of Pakistan","TS_GP_EXT_PAKRES_M.Z00010","Gold","30-Jun-1999","543","Million USD","Normal",""
"Gold and Foreign Exchange Reserves of Pakistan","TS_GP_EXT_PAKRES_M.Z00010","Gold","31-May-1999","614","Million USD","Normal",""
"Gold and Foreign Exchange Reserves of Pakistan","TS_GP_EXT_PAKRES_M.Z00010","Gold","30-Apr-1999","614","Million USD","Normal",""
"Gold and Foreign Exchange Reserves of Pakistan","TS_GP_EXT_PAKRES_M.Z00010","Gold","31-Mar-1999","614","Million USD","Normal",""
"Gold and Foreign Exchange Reserves of Pakistan","TS_GP_EXT_PAKRES_M.Z00010","Gold","28-Feb-1999","614","Million USD","Normal",""
"Gold and Foreign Exchange Reserves of Pakistan","TS_GP_EXT_PAKRES_M.Z00010","Gold","31-Jan-1999","614","Million USD","Normal",""
"Gold and Foreign Exchange Reserves of Pakistan","TS_GP_EXT_PAKRES_M.Z00010","Gold","31-Dec-1998","614","Million USD","Normal",""
"Gold and Foreign Exchange Reserves of Pakistan","TS_GP_EXT_PAKRES_M.Z00010","Gold","30-Nov-1998","614","Million USD","Normal",""
"Gold and Foreign Exchange Reserves of Pakistan","TS_GP_EXT_PAKRES_M.Z00010","Gold","31-Oct-1998","614","Million USD","Normal",""
"Gold and Foreign Exchange Reserves of Pakistan","TS_GP_EXT_PAKRES_M.Z00010","Gold","30-Sep-1998","614","Million USD","Normal",""
"Gold and Foreign Exchange Reserves of Pakistan","TS_GP_EXT_PAKRES_M.Z00010","Gold","31-Aug-1998","614","Million USD","Normal",""
"Gold and Foreign Exchange Reserves of Pakistan","TS_GP_EXT_PAKRES_M.Z00010","Gold","31-Jul-1998","614","Million USD","Normal",""
"Gold and Foreign Exchange Reserves of Pakistan","TS_GP_EXT_PAKRES_M.Z00010","Gold","30-Jun-1998","612","Million USD","Normal",""
"Gold and Foreign Exchange Reserves of Pakistan","TS_GP_EXT_PAKRES_M.Z00010","Gold","31-May-1998","633","Million USD","Normal",""
"Gold and Foreign Exchange Reserves of Pakistan","TS_GP_EXT_PAKRES_M.Z00010","Gold","30-Apr-1998","632","Million USD","Normal",""
"Gold and Foreign Exchange Reserves of Pakistan","TS_GP_EXT_PAKRES_M.Z00010","Gold","31-Mar-1998","632","Million USD","Normal",""
"Gold and Foreign Exchange Reserves of Pakistan","TS_GP_EXT_PAKRES_M.Z00010","Gold","28-Feb-1998","633","Million USD","Normal",""
"Gold and Foreign Exchange Reserves of Pakistan","TS_GP_EXT_PAKRES_M.Z00010","Gold","31-Jan-1998","633","Million USD","Normal",""
"Gold and Foreign Exchange Reserves of Pakistan","TS_GP_EXT_PAKRES_M.Z00010","Gold","31-Dec-1997","633","Million USD","Normal",""
"Gold and Foreign Exchange Reserves of Pakistan","TS_GP_EXT_PAKRES_M.Z00010","Gold","30-Nov-1997","633","Million USD","Normal",""
"Gold and Foreign Exchange Reserves of Pakistan","TS_GP_EXT_PAKRES_M.Z00010","Gold","31-Oct-1997","633","Million USD","Normal",""
"Gold and Foreign Exchange Reserves of Pakistan","TS_GP_EXT_PAKRES_M.Z00010","Gold","30-Sep-1997","689","Million USD","Normal",""
"Gold and Foreign Exchange Reserves of Pakistan","TS_GP_EXT_PAKRES_M.Z00010","Gold","31-Aug-1997","689","Million USD","Normal",""
"Gold and Foreign Exchange Reserves of Pakistan","TS_GP_EXT_PAKRES_M.Z00010","Gold","31-Jul-1997","689","Million USD","Normal",""
"Gold and Foreign Exchange Reserves of Pakistan","TS_GP_EXT_PAKRES_M.Z00010","Gold","30-Jun-1997","690","Million USD","Normal",""
"Gold and Foreign Exchange Reserves of Pakistan","TS_GP_EXT_PAKRES_M.Z00010","Gold","31-May-1997","683","Million USD","Normal",""
"Gold and Foreign Exchange Reserves of Pakistan","TS_GP_EXT_PAKRES_M.Z00010","Gold","30-Apr-1997","686","Million USD","Normal",""
"Gold and Foreign Exchange Reserves of Pakistan","TS_GP_EXT_PAKRES_M.Z00010","Gold","31-Mar-1997","688","Million USD","Normal",""
"Gold and Foreign Exchange Reserves of Pakistan","TS_GP_EXT_PAKRES_M.Z00010","Gold","28-Feb-1997","688","Million USD","Normal",""
"Gold and Foreign Exchange Reserves of Pakistan","TS_GP_EXT_PAKRES_M.Z00010","Gold","31-Jan-1997","688","Million USD","Normal",""
"Gold and Foreign Exchange Reserves of Pakistan","TS_GP_EXT_PAKRES_M.Z00010","Gold","31-Dec-1996","688","Million USD","Normal",""
"Gold and Foreign Exchange Reserves of Pakistan","TS_GP_EXT_PAKRES_M.Z00010","Gold","30-Nov-1996","688","Million USD","Normal",""
"Gold and Foreign Exchange Reserves of Pakistan","TS_GP_EXT_PAKRES_M.Z00010","Gold","31-Oct-1996","688","Million USD","Normal",""
"Gold and Foreign Exchange Reserves of Pakistan","TS_GP_EXT_PAKRES_M.Z00010","Gold","30-Sep-1996","746","Million USD","Normal",""
"Gold and Foreign Exchange Reserves of Pakistan","TS_GP_EXT_PAKRES_M.Z00010","Gold","31-Aug-1996","774","Million USD","Normal",""
"Gold and Foreign Exchange Reserves of Pakistan","TS_GP_EXT_PAKRES_M.Z00010","Gold","31-Jul-1996","783","Million USD","Normal",""
"Gold and Foreign Exchange Reserves of Pakistan","TS_GP_EXT_PAKRES_M.Z00010","Gold","30-Jun-1996","786","Million USD","Normal",""
"Gold and Foreign Exchange Reserves of Pakistan","TS_GP_EXT_PAKRES_M.Z00010","Gold","31-May-1996","707","Million USD","Normal",""
"Gold and Foreign Exchange Reserves of Pakistan","TS_GP_EXT_PAKRES_M.Z00010","Gold","30-Apr-1996","713","Million USD","Normal",""
"Gold and Foreign Exchange Reserves of Pakistan","TS_GP_EXT_PAKRES_M.Z00010","Gold","31-Mar-1996","713","Million USD","Normal",""
"Gold and Foreign Exchange Reserves of Pakistan","TS_GP_EXT_PAKRES_M.Z00010","Gold","29-Feb-1996","716","Million USD","Normal",""
"Gold and Foreign Exchange Reserves of Pakistan","TS_GP_EXT_PAKRES_M.Z00010","Gold","31-Jan-1996","717","Million USD","Normal",""
"Gold and Foreign Exchange Reserves of Pakistan","TS_GP_EXT_PAKRES_M.Z00010","Gold","31-Dec-1995","719","Million USD","Normal",""
"Gold and Foreign Exchange Reserves of Pakistan","TS_GP_EXT_PAKRES_M.Z00010","Gold","30-Nov-1995","719","Million USD","Normal",""
"Gold and Foreign Exchange Reserves of Pakistan","TS_GP_EXT_PAKRES_M.Z00010","Gold","31-Oct-1995","718","Million USD","Normal",""
"Gold and Foreign Exchange Reserves of Pakistan","TS_GP_EXT_PAKRES_M.Z00010","Gold","30-Sep-1995","780","Million USD","Normal",""
"Gold and Foreign Exchange Reserves of Pakistan","TS_GP_EXT_PAKRES_M.Z00010","Gold","31-Aug-1995","785","Million USD","Normal",""
"Gold and Foreign Exchange Reserves of Pakistan","TS_GP_EXT_PAKRES_M.Z00010","Gold","31-Jul-1995","789","Million USD","Normal",""
"Gold and Foreign Exchange Reserves of Pakistan","TS_GP_EXT_PAKRES_M.Z00010","Gold","30-Jun-1995","793","Million USD","Normal",""
"Gold and Foreign Exchange Reserves of Pakistan","TS_GP_EXT_PAKRES_M.Z00010","Gold","31-May-1995","786","Million USD","Normal",""
"Gold and Foreign Exchange Reserves of Pakistan","TS_GP_EXT_PAKRES_M.Z00010","Gold","30-Apr-1995","788","Million USD","Normal",""
"Gold and Foreign Exchange Reserves of Pakistan","TS_GP_EXT_PAKRES_M.Z00010","Gold","31-Mar-1995","788","Million USD","Normal",""
"Gold and Foreign Exchange Reserves of Pakistan","TS_GP_EXT_PAKRES_M.Z00010","Gold","28-Feb-1995","788","Million USD","Normal",""
"Gold and Foreign Exchange Reserves of Pakistan","TS_GP_EXT_PAKRES_M.Z00010","Gold","31-Jan-1995","788","Million USD","Normal",""
"Gold and Foreign Exchange Reserves of Pakistan","TS_GP_EXT_PAKRES_M.Z00010","Gold","31-Dec-1994","790","Million USD","Normal",""
"Gold and Foreign Exchange Reserves of Pakistan","TS_GP_EXT_PAKRES_M.Z00010","Gold","30-Nov-1994","792","Million USD","Normal",""
"Gold and Foreign Exchange Reserves of Pakistan","TS_GP_EXT_PAKRES_M.Z00010","Gold","31-Oct-1994","794","Million USD","Normal",""
"Gold and Foreign Exchange Reserves of Pakistan","TS_GP_EXT_PAKRES_M.Z00010","Gold","30-Sep-1994","794","Million USD","Normal",""
"Gold and Foreign Exchange Reserves of Pakistan","TS_GP_EXT_PAKRES_M.Z00010","Gold","31-Aug-1994","794","Million USD","Normal",""
"Gold and Foreign Exchange Reserves of Pakistan","TS_GP_EXT_PAKRES_M.Z00010","Gold","31-Jul-1994","792","Million USD","Normal",""
"Gold and Foreign Exchange Reserves of Pakistan","TS_GP_EXT_PAKRES_M.Z00010","Gold","30-Jun-1994","792","Million USD","Normal",""
"Gold and Foreign Exchange Reserves of Pakistan","TS_GP_EXT_PAKRES_M.Z00010","Gold","31-May-1994","678","Million USD","Normal",""
"Gold and Foreign Exchange Reserves of Pakistan","TS_GP_EXT_PAKRES_M.Z00010","Gold","30-Apr-1994","681","Million USD","Normal",""
"Gold and Foreign Exchange Reserves of Pakistan","TS_GP_EXT_PAKRES_M.Z00010","Gold","31-Mar-1994","681","Million USD","Normal",""
"Gold and Foreign Exchange Reserves of Pakistan","TS_GP_EXT_PAKRES_M.Z00010","Gold","28-Feb-1994","682","Million USD","Normal",""
"Gold and Foreign Exchange Reserves of Pakistan","TS_GP_EXT_PAKRES_M.Z00010","Gold","31-Jan-1994","687","Million USD","Normal",""
"Gold and Foreign Exchange Reserves of Pakistan","TS_GP_EXT_PAKRES_M.Z00010","Gold","31-Dec-1993","690","Million USD","Normal",""
"Gold and Foreign Exchange Reserves of Pakistan","TS_GP_EXT_PAKRES_M.Z00010","Gold","30-Nov-1993","692","Million USD","Normal",""
"Gold and Foreign Exchange Reserves of Pakistan","TS_GP_EXT_PAKRES_M.Z00010","Gold","31-Oct-1993","692","Million USD","Normal",""
"Gold and Foreign Exchange Reserves of Pakistan","TS_GP_EXT_PAKRES_M.Z00010","Gold","30-Sep-1993","696","Million USD","Normal",""
"Gold and Foreign Exchange Reserves of Pakistan","TS_GP_EXT_PAKRES_M.Z00010","Gold","31-Aug-1993","696","Million USD","Normal",""
"Gold and Foreign Exchange Reserves of Pakistan","TS_GP_EXT_PAKRES_M.Z00010","Gold","31-Jul-1993","696","Million USD","Normal",""
"Gold and Foreign Exchange Reserves of Pakistan","TS_GP_EXT_PAKRES_M.Z00010","Gold","30-Jun-1993","765","Million USD","Normal",""
"Gold and Foreign Exchange Reserves of Pakistan","TS_GP_EXT_PAKRES_M.Z00010","Gold","31-May-1993","648","Million USD","Normal",""
"Gold and Foreign Exchange Reserves of Pakistan","TS_GP_EXT_PAKRES_M.Z00010","Gold","30-Apr-1993","654","Million USD","Normal",""
"Gold and Foreign Exchange Reserves of Pakistan","TS_GP_EXT_PAKRES_M.Z00010","Gold","31-Mar-1993","655","Million USD","Normal",""
"Gold and Foreign Exchange Reserves of Pakistan","TS_GP_EXT_PAKRES_M.Z00010","Gold","28-Feb-1993","665","Million USD","Normal",""
"Gold and Foreign Exchange Reserves of Pakistan","TS_GP_EXT_PAKRES_M.Z00010","Gold","31-Jan-1993","671","Million USD","Normal",""
"Gold and Foreign Exchange Reserves of Pakistan","TS_GP_EXT_PAKRES_M.Z00010","Gold","31-Dec-1992","679","Million USD","Normal",""
"Gold and Foreign Exchange Reserves of Pakistan","TS_GP_EXT_PAKRES_M.Z00010","Gold","30-Nov-1992","680","Million USD","Normal",""
"Gold and Foreign Exchange Reserves of Pakistan","TS_GP_EXT_PAKRES_M.Z00010","Gold","31-Oct-1992","689","Million USD","Normal",""
"Gold and Foreign Exchange Reserves of Pakistan","TS_GP_EXT_PAKRES_M.Z00010","Gold","30-Sep-1992","694","Million USD","Normal",""
"Gold and Foreign Exchange Reserves of Pakistan","TS_GP_EXT_PAKRES_M.Z00010","Gold","31-Aug-1992","694","Million USD","Normal",""
"Gold and Foreign Exchange Reserves of Pakistan","TS_GP_EXT_PAKRES_M.Z00010","Gold","31-Jul-1992","692","Million USD","Normal",""
"Gold and Foreign Exchange Reserves of Pakistan","TS_GP_EXT_PAKRES_M.Z00010","Gold","30-Jun-1992","692","Million USD","Normal",""
"Gold and Foreign Exchange Reserves of Pakistan","TS_GP_EXT_PAKRES_M.Z00010","Gold","31-May-1992","698","Million USD","Normal",""
"Gold and Foreign Exchange Reserves of Pakistan","TS_GP_EXT_PAKRES_M.Z00010","Gold","30-Apr-1992","699","Million USD","Normal",""
"Gold and Foreign Exchange Reserves of Pakistan","TS_GP_EXT_PAKRES_M.Z00010","Gold","31-Mar-1992","701","Million USD","Normal",""
"Gold and Foreign Exchange Reserves of Pakistan","TS_GP_EXT_PAKRES_M.Z00010","Gold","29-Feb-1992","709","Million USD","Normal",""
"Gold and Foreign Exchange Reserves of Pakistan","TS_GP_EXT_PAKRES_M.Z00010","Gold","31-Jan-1992","710","Million USD","Normal",""
"Gold and Foreign Exchange Reserves of Pakistan","TS_GP_EXT_PAKRES_M.Z00010","Gold","31-Dec-1991","708","Million USD","Normal",""
"Gold and Foreign Exchange Reserves of Pakistan","TS_GP_EXT_PAKRES_M.Z00010","Gold","30-Nov-1991","704","Million USD","Normal",""
"Gold and Foreign Exchange Reserves of Pakistan","TS_GP_EXT_PAKRES_M.Z00010","Gold","31-Oct-1991","705","Million USD","Normal",""
"Gold and Foreign Exchange Reserves of Pakistan","TS_GP_EXT_PAKRES_M.Z00010","Gold","30-Sep-1991","708","Million USD","Normal",""
"Gold and Foreign Exchange Reserves of Pakistan","TS_GP_EXT_PAKRES_M.Z00010","Gold","31-Aug-1991","705","Million USD","Normal",""
"Gold and Foreign Exchange Reserves of Pakistan","TS_GP_EXT_PAKRES_M.Z00010","Gold","31-Jul-1991","706","Million USD","Normal",""
"Gold and Foreign Exchange Reserves of Pakistan","TS_GP_EXT_PAKRES_M.Z00010","Gold","30-Jun-1991","716","Million USD","Normal",""
"Gold and Foreign Exchange Reserves of Pakistan","TS_GP_EXT_PAKRES_M.Z00010","Gold","31-May-1991","627","Million USD","Normal",""
"Gold and Foreign Exchange Reserves of Pakistan","TS_GP_EXT_PAKRES_M.Z00010","Gold","30-Apr-1991","635","Million USD","Normal",""
"Gold and Foreign Exchange Reserves of Pakistan","TS_GP_EXT_PAKRES_M.Z00010","Gold","31-Mar-1991","650","Million USD","Normal",""
"Gold and Foreign Exchange Reserves of Pakistan","TS_GP_EXT_PAKRES_M.Z00010","Gold","28-Feb-1991","674","Million USD","Normal",""
"Gold and Foreign Exchange Reserves of Pakistan","TS_GP_EXT_PAKRES_M.Z00010","Gold","31-Jan-1991","674","Million USD","Normal",""
"Gold and Foreign Exchange Reserves of Pakistan","TS_GP_EXT_PAKRES_M.Z00010","Gold","31-Dec-1990","681","Million USD","Normal",""
"Gold and Foreign Exchange Reserves of Pakistan","TS_GP_EXT_PAKRES_M.Z00010","Gold","30-Nov-1990","683","Million USD","Normal",""
"Gold and Foreign Exchange Reserves of Pakistan","TS_GP_EXT_PAKRES_M.Z00010","Gold","31-Oct-1990","683","Million USD","Normal",""
"Gold and Foreign Exchange Reserves of Pakistan","TS_GP_EXT_PAKRES_M.Z00010","Gold","30-Sep-1990","686","Million USD","Normal",""
"Gold and Foreign Exchange Reserves of Pakistan","TS_GP_EXT_PAKRES_M.Z00010","Gold","31-Aug-1990","686","Million USD","Normal",""
"Gold and Foreign Exchange Reserves of Pakistan","TS_GP_EXT_PAKRES_M.Z00010","Gold","31-Jul-1990","687","Million USD","Normal",""
"Gold and Foreign Exchange Reserves of Pakistan","TS_GP_EXT_PAKRES_M.Z00010","Gold","30-Jun-1990","685","Million USD","Normal",""
"Gold and Foreign Exchange Reserves of Pakistan","TS_GP_EXT_PAKRES_M.Z00010","Gold","31-May-1990","699","Million USD","Normal",""
"Gold and Foreign Exchange Reserves of Pakistan","TS_GP_EXT_PAKRES_M.Z00010","Gold","30-Apr-1990","700","Million USD","Normal",""
"Gold and Foreign Exchange Reserves of Pakistan","TS_GP_EXT_PAKRES_M.Z00010","Gold","31-Mar-1990","711","Million USD","Normal",""
"Gold and Foreign Exchange Reserves of Pakistan","TS_GP_EXT_PAKRES_M.Z00010","Gold","28-Feb-1990","714","Million USD","Normal",""
"Gold and Foreign Exchange Reserves of Pakistan","TS_GP_EXT_PAKRES_M.Z00010","Gold","31-Jan-1990","714","Million USD","Normal",""
"Gold and Foreign Exchange Reserves of Pakistan","TS_GP_EXT_PAKRES_M.Z00010","Gold","31-Dec-1989","714","Million USD","Normal",""
"Gold and Foreign Exchange Reserves of Pakistan","TS_GP_EXT_PAKRES_M.Z00010","Gold","30-Nov-1989","717","Million USD","Normal",""
"Gold and Foreign Exchange Reserves of Pakistan","TS_GP_EXT_PAKRES_M.Z00010","Gold","31-Oct-1989","722","Million USD","Normal",""
"Gold and Foreign Exchange Reserves of Pakistan","TS_GP_EXT_PAKRES_M.Z00010","Gold","30-Sep-1989","726","Million USD","Normal",""
"Gold and Foreign Exchange Reserves of Pakistan","TS_GP_EXT_PAKRES_M.Z00010","Gold","31-Aug-1989","727","Million USD","Normal",""
"Gold and Foreign Exchange Reserves of Pakistan","TS_GP_EXT_PAKRES_M.Z00010","Gold","31-Jul-1989","727","Million USD","Normal",""
"Gold and Foreign Exchange Reserves of Pakistan","TS_GP_EXT_PAKRES_M.Z00010","Gold","30-Jun-1989","725","Million USD","Normal",""
"Gold and Foreign Exchange Reserves of Pakistan","TS_GP_EXT_PAKRES_M.Z00010","Gold","31-May-1989","724","Million USD","Normal",""
"Gold and Foreign Exchange Reserves of Pakistan","TS_GP_EXT_PAKRES_M.Z00010","Gold","30-Apr-1989","758","Million USD","Normal",""
"Gold and Foreign Exchange Reserves of Pakistan","TS_GP_EXT_PAKRES_M.Z00010","Gold","31-Mar-1989","773","Million USD","Normal",""
"Gold and Foreign Exchange Reserves of Pakistan","TS_GP_EXT_PAKRES_M.Z00010","Gold","28-Feb-1989","790","Million USD","Normal",""
"Gold and Foreign Exchange Reserves of Pakistan","TS_GP_EXT_PAKRES_M.Z00010","Gold","31-Jan-1989","798","Million USD","Normal",""
"Gold and Foreign Exchange Reserves of Pakistan","TS_GP_EXT_PAKRES_M.Z00010","Gold","31-Dec-1988","818","Million USD","Normal",""
"Gold and Foreign Exchange Reserves of Pakistan","TS_GP_EXT_PAKRES_M.Z00010","Gold","30-Nov-1988","815","Million USD","Normal",""
"Gold and Foreign Exchange Reserves of Pakistan","TS_GP_EXT_PAKRES_M.Z00010","Gold","31-Oct-1988","822","Million USD","Normal",""
"Gold and Foreign Exchange Reserves of Pakistan","TS_GP_EXT_PAKRES_M.Z00010","Gold","30-Sep-1988","831","Million USD","Normal",""
"Gold and Foreign Exchange Reserves of Pakistan","TS_GP_EXT_PAKRES_M.Z00010","Gold","31-Aug-1988","833","Million USD","Normal",""
"Gold and Foreign Exchange Reserves of Pakistan","TS_GP_EXT_PAKRES_M.Z00010","Gold","31-Jul-1988","840","Million USD","Normal",""
"Gold and Foreign Exchange Reserves of Pakistan","TS_GP_EXT_PAKRES_M.Z00010","Gold","30-Jun-1988","847","Million USD","Normal",""
"Gold and Foreign Exchange Reserves of Pakistan","TS_GP_EXT_PAKRES_M.Z00010","Gold","31-May-1988","848","Million USD","Normal",""
"Gold and Foreign Exchange Reserves of Pakistan","TS_GP_EXT_PAKRES_M.Z00010","Gold","30-Apr-1988","852","Million USD","Normal",""
"Gold and Foreign Exchange Reserves of Pakistan","TS_GP_EXT_PAKRES_M.Z00010","Gold","31-Mar-1988","853","Million USD","Normal",""
"Gold and Foreign Exchange Reserves of Pakistan","TS_GP_EXT_PAKRES_M.Z00010","Gold","29-Feb-1988","856","Million USD","Normal",""
"Gold and Foreign Exchange Reserves of Pakistan","TS_GP_EXT_PAKRES_M.Z00010","Gold","31-Jan-1988","858","Million USD","Normal",""
"Gold and Foreign Exchange Reserves of Pakistan","TS_GP_EXT_PAKRES_M.Z00010","Gold","31-Dec-1987","860","Million USD","Normal",""
"Gold and Foreign Exchange Reserves of Pakistan","TS_GP_EXT_PAKRES_M.Z00010","Gold","30-Nov-1987","858","Million USD","Normal",""
"Gold and Foreign Exchange Reserves of Pakistan","TS_GP_EXT_PAKRES_M.Z00010","Gold","31-Oct-1987","856","Million USD","Normal",""
"Gold and Foreign Exchange Reserves of Pakistan","TS_GP_EXT_PAKRES_M.Z00010","Gold","30-Sep-1987","857","Million USD","Normal",""
"Gold and Foreign Exchange Reserves of Pakistan","TS_GP_EXT_PAKRES_M.Z00010","Gold","31-Aug-1987","857","Million USD","Normal",""
"Gold and Foreign Exchange Reserves of Pakistan","TS_GP_EXT_PAKRES_M.Z00010","Gold","31-Jul-1987","858","Million USD","Normal",""
"Gold and Foreign Exchange Reserves of Pakistan","TS_GP_EXT_PAKRES_M.Z00010","Gold","30-Jun-1987","865","Million USD","Normal",""
"Gold and Foreign Exchange Reserves of Pakistan","TS_GP_EXT_PAKRES_M.Z00010","Gold","31-May-1987","651","Million USD","Normal",""
"Gold and Foreign Exchange Reserves of Pakistan","TS_GP_EXT_PAKRES_M.Z00010","Gold","30-Apr-1987","651","Million USD","Normal",""
"Gold and Foreign Exchange Reserves of Pakistan","TS_GP_EXT_PAKRES_M.Z00010","Gold","31-Mar-1987","652","Million USD","Normal",""
"Gold and Foreign Exchange Reserves of Pakistan","TS_GP_EXT_PAKRES_M.Z00010","Gold","28-Feb-1987","653","Million USD","Normal",""
"Gold and Foreign Exchange Reserves of Pakistan","TS_GP_EXT_PAKRES_M.Z00010","Gold","31-Jan-1987","653","Million USD","Normal",""
"Gold and Foreign Exchange Reserves of Pakistan","TS_GP_EXT_PAKRES_M.Z00010","Gold","31-Dec-1986","653","Million USD","Normal",""
"Gold and Foreign Exchange Reserves of Pakistan","TS_GP_EXT_PAKRES_M.Z00010","Gold","30-Nov-1986","653","Million USD","Normal",""
"Gold and Foreign Exchange Reserves of Pakistan","TS_GP_EXT_PAKRES_M.Z00010","Gold","31-Oct-1986","660","Million USD","Normal",""
"Gold and Foreign Exchange Reserves of Pakistan","TS_GP_EXT_PAKRES_M.Z00010","Gold","30-Sep-1986","663","Million USD","Normal",""
"Gold and Foreign Exchange Reserves of Pakistan","TS_GP_EXT_PAKRES_M.Z00010","Gold","31-Aug-1986","665","Million USD","Normal",""
"Gold and Foreign Exchange Reserves of Pakistan","TS_GP_EXT_PAKRES_M.Z00010","Gold","31-Jul-1986","667","Million USD","Normal",""
"Gold and Foreign Exchange Reserves of Pakistan","TS_GP_EXT_PAKRES_M.Z00010","Gold","30-Jun-1986","670","Million USD","Normal",""
"Gold and Foreign Exchange Reserves of Pakistan","TS_GP_EXT_PAKRES_M.Z00010","Gold","31-May-1986","586","Million USD","Normal",""
"Gold and Foreign Exchange Reserves of Pakistan","TS_GP_EXT_PAKRES_M.Z00010","Gold","30-Apr-1986","597","Million USD","Normal",""
"Gold and Foreign Exchange Reserves of Pakistan","TS_GP_EXT_PAKRES_M.Z00010","Gold","31-Mar-1986","605","Million USD","Normal",""
"Gold and Foreign Exchange Reserves of Pakistan","TS_GP_EXT_PAKRES_M.Z00010","Gold","28-Feb-1986","605","Million USD","Normal",""
"Gold and Foreign Exchange Reserves of Pakistan","TS_GP_EXT_PAKRES_M.Z00010","Gold","31-Jan-1986","605","Million USD","Normal",""
"Gold and Foreign Exchange Reserves of Pakistan","TS_GP_EXT_PAKRES_M.Z00010","Gold","31-Dec-1985","605","Million USD","Normal",""
"Gold and Foreign Exchange Reserves of Pakistan","TS_GP_EXT_PAKRES_M.Z00010","Gold","30-Nov-1985","604","Million USD","Normal",""
"Gold and Foreign Exchange Reserves of Pakistan","TS_GP_EXT_PAKRES_M.Z00010","Gold","31-Oct-1985","602","Million USD","Normal",""
"Gold and Foreign Exchange Reserves of Pakistan","TS_GP_EXT_PAKRES_M.Z00010","Gold","30-Sep-1985","599","Million USD","Normal",""
"Gold and Foreign Exchange Reserves of Pakistan","TS_GP_EXT_PAKRES_M.Z00010","Gold","31-Aug-1985","607","Million USD","Normal",""
"Gold and Foreign Exchange Reserves of Pakistan","TS_GP_EXT_PAKRES_M.Z00010","Gold","31-Jul-1985","604","Million USD","Normal",""
"Gold and Foreign Exchange Reserves of Pakistan","TS_GP_EXT_PAKRES_M.Z00010","Gold","30-Jun-1985","605","Million USD","Normal",""
"Gold and Foreign Exchange Reserves of Pakistan","TS_GP_EXT_PAKRES_M.Z00010","Gold","31-May-1985","608","Million USD","Normal",""
"Gold and Foreign Exchange Reserves of Pakistan","TS_GP_EXT_PAKRES_M.Z00010","Gold","30-Apr-1985","610","Million USD","Normal",""
"Gold and Foreign Exchange Reserves of Pakistan","TS_GP_EXT_PAKRES_M.Z00010","Gold","31-Mar-1985","606","Million USD","Normal",""
"Gold and Foreign Exchange Reserves of Pakistan","TS_GP_EXT_PAKRES_M.Z00010","Gold","28-Feb-1985","619","Million USD","Normal",""
"Gold and Foreign Exchange Reserves of Pakistan","TS_GP_EXT_PAKRES_M.Z00010","Gold","31-Jan-1985","629","Million USD","Normal",""
"Gold and Foreign Exchange Reserves of Pakistan","TS_GP_EXT_PAKRES_M.Z00010","Gold","31-Dec-1984","641","Million USD","Normal",""
"Gold and Foreign Exchange Reserves of Pakistan","TS_GP_EXT_PAKRES_M.Z00010","Gold","30-Nov-1984","660","Million USD","Normal",""
"Gold and Foreign Exchange Reserves of Pakistan","TS_GP_EXT_PAKRES_M.Z00010","Gold","31-Oct-1984","669","Million USD","Normal",""
"Gold and Foreign Exchange Reserves of Pakistan","TS_GP_EXT_PAKRES_M.Z00010","Gold","30-Sep-1984","682","Million USD","Normal",""
"Gold and Foreign Exchange Reserves of Pakistan","TS_GP_EXT_PAKRES_M.Z00010","Gold","31-Aug-1984","691","Million USD","Normal",""
"Gold and Foreign Exchange Reserves of Pakistan","TS_GP_EXT_PAKRES_M.Z00010","Gold","31-Jul-1984","692","Million USD","Normal",""
"Gold and Foreign Exchange Reserves of Pakistan","TS_GP_EXT_PAKRES_M.Z00010","Gold","30-Jun-1984","701","Million USD","Normal",""
"Gold and Foreign Exchange Reserves of Pakistan","TS_GP_EXT_PAKRES_M.Z00010","Gold","31-May-1984","736","Million USD","Normal",""
"Gold and Foreign Exchange Reserves of Pakistan","TS_GP_EXT_PAKRES_M.Z00010","Gold","30-Apr-1984","753","Million USD","Normal",""
"Gold and Foreign Exchange Reserves of Pakistan","TS_GP_EXT_PAKRES_M.Z00010","Gold","31-Mar-1984","764","Million USD","Normal",""
"Gold and Foreign Exchange Reserves of Pakistan","TS_GP_EXT_PAKRES_M.Z00010","Gold","29-Feb-1984","753","Million USD","Normal",""
"Gold and Foreign Exchange Reserves of Pakistan","TS_GP_EXT_PAKRES_M.Z00010","Gold","31-Jan-1984","749","Million USD","Normal",""
"Gold and Foreign Exchange Reserves of Pakistan","TS_GP_EXT_PAKRES_M.Z00010","Gold","31-Dec-1983","760","Million USD","Normal",""
"Gold and Foreign Exchange Reserves of Pakistan","TS_GP_EXT_PAKRES_M.Z00010","Gold","30-Nov-1983","771","Million USD","Normal",""
"Gold and Foreign Exchange Reserves of Pakistan","TS_GP_EXT_PAKRES_M.Z00010","Gold","31-Oct-1983","767","Million USD","Normal",""
"Gold and Foreign Exchange Reserves of Pakistan","TS_GP_EXT_PAKRES_M.Z00010","Gold","30-Sep-1983","761","Million USD","Normal",""
"Gold and Foreign Exchange Reserves of Pakistan","TS_GP_EXT_PAKRES_M.Z00010","Gold","31-Aug-1983","763","Million USD","Normal",""
"Gold and Foreign Exchange Reserves of Pakistan","TS_GP_EXT_PAKRES_M.Z00010","Gold","31-Jul-1983","769","Million USD","Normal",""
"Gold and Foreign Exchange Reserves of Pakistan","TS_GP_EXT_PAKRES_M.Z00010","Gold","30-Jun-1983","783","Million USD","Normal",""
"Gold and Foreign Exchange Reserves of Pakistan","TS_GP_EXT_PAKRES_M.Z00010","Gold","31-May-1983","555","Million USD","Normal",""
"Gold and Foreign Exchange Reserves of Pakistan","TS_GP_EXT_PAKRES_M.Z00010","Gold","30-Apr-1983","554","Million USD","Normal",""
"Gold and Foreign Exchange Reserves of Pakistan","TS_GP_EXT_PAKRES_M.Z00010","Gold","31-Mar-1983","555","Million USD","Normal",""
"Gold and Foreign Exchange Reserves of Pakistan","TS_GP_EXT_PAKRES_M.Z00010","Gold","28-Feb-1983","555","Million USD","Normal",""
"Gold and Foreign Exchange Reserves of Pakistan","TS_GP_EXT_PAKRES_M.Z00010","Gold","31-Jan-1983","557","Million USD","Normal",""
"Gold and Foreign Exchange Reserves of Pakistan","TS_GP_EXT_PAKRES_M.Z00010","Gold","31-Dec-1982","556","Million USD","Normal",""
"Gold and Foreign Exchange Reserves of Pakistan","TS_GP_EXT_PAKRES_M.Z00010","Gold","30-Nov-1982","562","Million USD","Normal",""
"Gold and Foreign Exchange Reserves of Pakistan","TS_GP_EXT_PAKRES_M.Z00010","Gold","31-Oct-1982","568","Million USD","Normal",""
"Gold and Foreign Exchange Reserves of Pakistan","TS_GP_EXT_PAKRES_M.Z00010","Gold","30-Sep-1982","579","Million USD","Normal",""
"Gold and Foreign Exchange Reserves of Pakistan","TS_GP_EXT_PAKRES_M.Z00010","Gold","31-Aug-1982","584","Million USD","Normal",""
"Gold and Foreign Exchange Reserves of Pakistan","TS_GP_EXT_PAKRES_M.Z00010","Gold","31-Jul-1982","588","Million USD","Normal",""
"Gold and Foreign Exchange Reserves of Pakistan","TS_GP_EXT_PAKRES_M.Z00010","Gold","30-Jun-1982","598","Million USD","Normal",""
"Gold and Foreign Exchange Reserves of Pakistan","TS_GP_EXT_PAKRES_M.Z00010","Gold","31-May-1982","671","Million USD","Normal",""
"Gold and Foreign Exchange Reserves of Pakistan","TS_GP_EXT_PAKRES_M.Z00010","Gold","30-Apr-1982","667","Million USD","Normal",""
"Gold and Foreign Exchange Reserves of Pakistan","TS_GP_EXT_PAKRES_M.Z00010","Gold","31-Mar-1982","699","Million USD","Normal",""
"Gold and Foreign Exchange Reserves of Pakistan","TS_GP_EXT_PAKRES_M.Z00010","Gold","28-Feb-1982","728","Million USD","Normal",""
"Gold and Foreign Exchange Reserves of Pakistan","TS_GP_EXT_PAKRES_M.Z00010","Gold","31-Jan-1982","765","Million USD","Normal",""
"Gold and Foreign Exchange Reserves of Pakistan","TS_GP_EXT_PAKRES_M.Z00010","Gold","31-Dec-1981","786","Million USD","Normal",""
"Gold and Foreign Exchange Reserves of Pakistan","TS_GP_EXT_PAKRES_M.Z00010","Gold","30-Nov-1981","786","Million USD","Normal",""
"Gold and Foreign Exchange Reserves of Pakistan","TS_GP_EXT_PAKRES_M.Z00010","Gold","31-Oct-1981","786","Million USD","Normal",""
"Gold and Foreign Exchange Reserves of Pakistan","TS_GP_EXT_PAKRES_M.Z00010","Gold","30-Sep-1981","786","Million USD","Normal",""
"Gold and Foreign Exchange Reserves of Pakistan","TS_GP_EXT_PAKRES_M.Z00010","Gold","31-Aug-1981","786","Million USD","Normal",""
"Gold and Foreign Exchange Reserves of Pakistan","TS_GP_EXT_PAKRES_M.Z00010","Gold","31-Jul-1981","786","Million USD","Normal",""
"Gold and Foreign Exchange Reserves of Pakistan","TS_GP_EXT_PAKRES_M.Z00010","Gold","30-Jun-1981","786","Million USD","Normal",""
"Gold and Foreign Exchange Reserves of Pakistan","TS_GP_EXT_PAKRES_M.Z00010","Gold","31-May-1981","1201","Million USD","Normal",""
"Gold and Foreign Exchange Reserves of Pakistan","TS_GP_EXT_PAKRES_M.Z00010","Gold","30-Apr-1981","1188","Million USD","Normal",""
"Gold and Foreign Exchange Reserves of Pakistan","TS_GP_EXT_PAKRES_M.Z00010","Gold","31-Mar-1981","1188","Million USD","Normal",""
"Gold and Foreign Exchange Reserves of Pakistan","TS_GP_EXT_PAKRES_M.Z00010","Gold","28-Feb-1981","1188","Million USD","Normal",""
"Gold and Foreign Exchange Reserves of Pakistan","TS_GP_EXT_PAKRES_M.Z00010","Gold","31-Jan-1981","1188","Million USD","Normal",""
"Gold and Foreign Exchange Reserves of Pakistan","TS_GP_EXT_PAKRES_M.Z00010","Gold","31-Dec-1980","1188","Million USD","Normal",""
"Gold and Foreign Exchange Reserves of Pakistan","TS_GP_EXT_PAKRES_M.Z00010","Gold","30-Nov-1980","1188","Million USD","Normal",""
"Gold and Foreign Exchange Reserves of Pakistan","TS_GP_EXT_PAKRES_M.Z00010","Gold","31-Oct-1980","1188","Million USD","Normal",""
"Gold and Foreign Exchange Reserves of Pakistan","TS_GP_EXT_PAKRES_M.Z00010","Gold","30-Sep-1980","1188","Million USD","Normal",""
"Gold and Foreign Exchange Reserves of Pakistan","TS_GP_EXT_PAKRES_M.Z00010","Gold","31-Aug-1980","1188","Million USD","Normal",""
"Gold and Foreign Exchange Reserves of Pakistan","TS_GP_EXT_PAKRES_M.Z00010","Gold","31-Jul-1980","1188","Million USD","Normal",""
"Gold and Foreign Exchange Reserves of Pakistan","TS_GP_EXT_PAKRES_M.Z00010","Gold","30-Jun-1980","1150","Million USD","Normal",""
"Gold and Foreign Exchange Reserves of Pakistan","TS_GP_EXT_PAKRES_M.Z00010","Gold","31-May-1980","974","Million USD","Normal",""
"Gold and Foreign Exchange Reserves of Pakistan","TS_GP_EXT_PAKRES_M.Z00010","Gold","30-Apr-1980","942","Million USD","Normal",""
"Gold and Foreign Exchange Reserves of Pakistan","TS_GP_EXT_PAKRES_M.Z00010","Gold","31-Mar-1980","899","Million USD","Normal",""
"Gold and Foreign Exchange Reserves of Pakistan","TS_GP_EXT_PAKRES_M.Z00010","Gold","29-Feb-1980","1175","Million USD","Normal",""
"Gold and Foreign Exchange Reserves of Pakistan","TS_GP_EXT_PAKRES_M.Z00010","Gold","31-Jan-1980","1256","Million USD","Normal",""
"Gold and Foreign Exchange Reserves of Pakistan","TS_GP_EXT_PAKRES_M.Z00010","Gold","31-Dec-1979","931","Million USD","Normal",""
"Gold and Foreign Exchange Reserves of Pakistan","TS_GP_EXT_PAKRES_M.Z00010","Gold","30-Nov-1979","728","Million USD","Normal",""
"Gold and Foreign Exchange Reserves of Pakistan","TS_GP_EXT_PAKRES_M.Z00010","Gold","31-Oct-1979","676","Million USD","Normal",""
"Gold and Foreign Exchange Reserves of Pakistan","TS_GP_EXT_PAKRES_M.Z00010","Gold","30-Sep-1979","702","Million USD","Normal",""
"Gold and Foreign Exchange Reserves of Pakistan","TS_GP_EXT_PAKRES_M.Z00010","Gold","31-Aug-1979","564","Million USD","Normal",""
"Gold and Foreign Exchange Reserves of Pakistan","TS_GP_EXT_PAKRES_M.Z00010","Gold","31-Jul-1979","524","Million USD","Normal",""
"Gold and Foreign Exchange Reserves of Pakistan","TS_GP_EXT_PAKRES_M.Z00010","Gold","30-Jun-1979","490","Million USD","Normal",""
"Gold and Foreign Exchange Reserves of Pakistan","TS_GP_EXT_PAKRES_M.Z00010","Gold","31-May-1979","485","Million USD","Normal",""
"Gold and Foreign Exchange Reserves of Pakistan","TS_GP_EXT_PAKRES_M.Z00010","Gold","30-Apr-1979","433","Million USD","Normal",""
"Gold and Foreign Exchange Reserves of Pakistan","TS_GP_EXT_PAKRES_M.Z00010","Gold","31-Mar-1979","424","Million USD","Normal",""
"Gold and Foreign Exchange Reserves of Pakistan","TS_GP_EXT_PAKRES_M.Z00010","Gold","28-Feb-1979","444","Million USD","Normal",""
"Gold and Foreign Exchange Reserves of Pakistan","TS_GP_EXT_PAKRES_M.Z00010","Gold","31-Jan-1979","413","Million USD","Normal",""
"Gold and Foreign Exchange Reserves of Pakistan","TS_GP_EXT_PAKRES_M.Z00010","Gold","31-Dec-1978","388","Million USD","Normal",""
"Gold and Foreign Exchange Reserves of Pakistan","TS_GP_EXT_PAKRES_M.Z00010","Gold","30-Nov-1978","332","Million USD","Normal",""
"Gold and Foreign Exchange Reserves of Pakistan","TS_GP_EXT_PAKRES_M.Z00010","Gold","31-Oct-1978","417","Million USD","Normal",""
"Gold and Foreign Exchange Reserves of Pakistan","TS_GP_EXT_PAKRES_M.Z00010","Gold","30-Sep-1978","374","Million USD","Normal",""
"Gold and Foreign Exchange Reserves of Pakistan","TS_GP_EXT_PAKRES_M.Z00010","Gold","31-Aug-1978","359","Million USD","Normal",""
"Gold and Foreign Exchange Reserves of Pakistan","TS_GP_EXT_PAKRES_M.Z00010","Gold","31-Jul-1978","344","Million USD","Normal",""
"Gold and Foreign Exchange Reserves of Pakistan","TS_GP_EXT_PAKRES_M.Z00010","Gold","30-Jun-1978","314","Million USD","Normal",""
"Gold and Foreign Exchange Reserves of Pakistan","TS_GP_EXT_PAKRES_M.Z00010","Gold","31-May-1978","316","Million USD","Normal",""
"Gold and Foreign Exchange Reserves of Pakistan","TS_GP_EXT_PAKRES_M.Z00010","Gold","30-Apr-1978","72","Million USD","Normal",""
"Gold and Foreign Exchange Reserves of Pakistan","TS_GP_EXT_PAKRES_M.Z00010","Gold","31-Mar-1978","72","Million USD","Normal",""
"Gold and Foreign Exchange Reserves of Pakistan","TS_GP_EXT_PAKRES_M.Z00010","Gold","28-Feb-1978","72","Million USD","Normal",""
"Gold and Foreign Exchange Reserves of Pakistan","TS_GP_EXT_PAKRES_M.Z00010","Gold","31-Jan-1978","72","Million USD","Normal",""
"Gold and Foreign Exchange Reserves of Pakistan","TS_GP_EXT_PAKRES_M.Z00010","Gold","31-Dec-1977","68","Million USD","Normal",""
"Gold and Foreign Exchange Reserves of Pakistan","TS_GP_EXT_PAKRES_M.Z00010","Gold","30-Nov-1977","68","Million USD","Normal",""
"Gold and Foreign Exchange Reserves of Pakistan","TS_GP_EXT_PAKRES_M.Z00010","Gold","31-Oct-1977","68","Million USD","Normal",""
"Gold and Foreign Exchange Reserves of Pakistan","TS_GP_EXT_PAKRES_M.Z00010","Gold","30-Sep-1977","68","Million USD","Normal",""
"Gold and Foreign Exchange Reserves of Pakistan","TS_GP_EXT_PAKRES_M.Z00010","Gold","31-Aug-1977","68","Million USD","Normal",""
"Gold and Foreign Exchange Reserves of Pakistan","TS_GP_EXT_PAKRES_M.Z00010","Gold","31-Jul-1977","68","Million USD","Normal",""
"Gold and Foreign Exchange Reserves of Pakistan","TS_GP_EXT_PAKRES_M.Z00010","Gold","30-Jun-1977","68","Million USD","Normal",""
"Gold and Foreign Exchange Reserves of Pakistan","TS_GP_EXT_PAKRES_M.Z00010","Gold","31-May-1977","68","Million USD","Normal",""
"Gold and Foreign Exchange Reserves of Pakistan","TS_GP_EXT_PAKRES_M.Z00010","Gold","30-Apr-1977","68","Million USD","Normal",""
"Gold and Foreign Exchange Reserves of Pakistan","TS_GP_EXT_PAKRES_M.Z00010","Gold","31-Mar-1977","68","Million USD","Normal",""
"Gold and Foreign Exchange Reserves of Pakistan","TS_GP_EXT_PAKRES_M.Z00010","Gold","28-Feb-1977","68","Million USD","Normal",""
"Gold and Foreign Exchange Reserves of Pakistan","TS_GP_EXT_PAKRES_M.Z00010","Gold","31-Jan-1977","68","Million USD","Normal",""
"Gold and Foreign Exchange Reserves of Pakistan","TS_GP_EXT_PAKRES_M.Z00010","Gold","31-Dec-1976","68","Million USD","Normal",""
"Gold and Foreign Exchange Reserves of Pakistan","TS_GP_EXT_PAKRES_M.Z00010","Gold","30-Nov-1976","68","Million USD","Normal",""
"Gold and Foreign Exchange Reserves of Pakistan","TS_GP_EXT_PAKRES_M.Z00010","Gold","31-Oct-1976","68","Million USD","Normal",""
"Gold and Foreign Exchange Reserves of Pakistan","TS_GP_EXT_PAKRES_M.Z00010","Gold","30-Sep-1976","68","Million USD","Normal",""
"Gold and Foreign Exchange Reserves of Pakistan","TS_GP_EXT_PAKRES_M.Z00010","Gold","31-Aug-1976","68","Million USD","Normal",""
"Gold and Foreign Exchange Reserves of Pakistan","TS_GP_EXT_PAKRES_M.Z00010","Gold","31-Jul-1976","68","Million USD","Normal",""
"Gold and Foreign Exchange Reserves of Pakistan","TS_GP_EXT_PAKRES_M.Z00010","Gold","30-Jun-1976","68","Million USD","Normal",""
"Gold and Foreign Exchange Reserves of Pakistan","TS_GP_EXT_PAKRES_M.Z00010","Gold","31-May-1976","68","Million USD","Normal",""
"Gold and Foreign Exchange Reserves of Pakistan","TS_GP_EXT_PAKRES_M.Z00010","Gold","30-Apr-1976","68","Million USD","Normal",""
"Gold and Foreign Exchange Reserves of Pakistan","TS_GP_EXT_PAKRES_M.Z00010","Gold","31-Mar-1976","68","Million USD","Normal",""
"Gold and Foreign Exchange Reserves of Pakistan","TS_GP_EXT_PAKRES_M.Z00010","Gold","29-Feb-1976","67","Million USD","Normal",""
"Gold and Foreign Exchange Reserves of Pakistan","TS_GP_EXT_PAKRES_M.Z00010","Gold","31-Jan-1976","67","Million USD","Normal",""
"Gold and Foreign Exchange Reserves of Pakistan","TS_GP_EXT_PAKRES_M.Z00010","Gold","31-Dec-1975","67","Million USD","Normal",""
"Gold and Foreign Exchange Reserves of Pakistan","TS_GP_EXT_PAKRES_M.Z00010","Gold","30-Nov-1975","67","Million USD","Normal",""
"Gold and Foreign Exchange Reserves of Pakistan","TS_GP_EXT_PAKRES_M.Z00010","Gold","31-Oct-1975","67","Million USD","Normal",""
"Gold and Foreign Exchange Reserves of Pakistan","TS_GP_EXT_PAKRES_M.Z00010","Gold","30-Sep-1975","67","Million USD","Normal",""
"Gold and Foreign Exchange Reserves of Pakistan","TS_GP_EXT_PAKRES_M.Z00010","Gold","31-Aug-1975","67","Million USD","Normal",""
"Gold and Foreign Exchange Reserves of Pakistan","TS_GP_EXT_PAKRES_M.Z00010","Gold","31-Jul-1975","67","Million USD","Normal",""
"Gold and Foreign Exchange Reserves of Pakistan","TS_GP_EXT_PAKRES_M.Z00010","Gold","30-Jun-1975","67","Million USD","Normal",""
"Gold and Foreign Exchange Reserves of Pakistan","TS_GP_EXT_PAKRES_M.Z00010","Gold","31-May-1975","67","Million USD","Normal",""
"Gold and Foreign Exchange Reserves of Pakistan","TS_GP_EXT_PAKRES_M.Z00010","Gold","30-Apr-1975","67","Million USD","Normal",""
"Gold and Foreign Exchange Reserves of Pakistan","TS_GP_EXT_PAKRES_M.Z00010","Gold","31-Mar-1975","67","Million USD","Normal",""
"Gold and Foreign Exchange Reserves of Pakistan","TS_GP_EXT_PAKRES_M.Z00010","Gold","28-Feb-1975","67","Million USD","Normal",""
"Gold and Foreign Exchange Reserves of Pakistan","TS_GP_EXT_PAKRES_M.Z00010","Gold","31-Jan-1975","67","Million USD","Normal",""
"Gold and Foreign Exchange Reserves of Pakistan","TS_GP_EXT_PAKRES_M.Z00010","Gold","31-Dec-1974","67","Million USD","Normal",""
"Gold and Foreign Exchange Reserves of Pakistan","TS_GP_EXT_PAKRES_M.Z00010","Gold","30-Nov-1974","67","Million USD","Normal",""
"Gold and Foreign Exchange Reserves of Pakistan","TS_GP_EXT_PAKRES_M.Z00010","Gold","31-Oct-1974","67","Million USD","Normal",""
"Gold and Foreign Exchange Reserves of Pakistan","TS_GP_EXT_PAKRES_M.Z00010","Gold","30-Sep-1974","67","Million USD","Normal",""
"Gold and Foreign Exchange Reserves of Pakistan","TS_GP_EXT_PAKRES_M.Z00010","Gold","31-Aug-1974","67","Million USD","Normal",""
"Gold and Foreign Exchange Reserves of Pakistan","TS_GP_EXT_PAKRES_M.Z00010","Gold","31-Jul-1974","67","Million USD","Normal",""
"Gold and Foreign Exchange Reserves of Pakistan","TS_GP_EXT_PAKRES_M.Z00010","Gold","30-Jun-1974","67","Million USD","Normal",""
"Gold and Foreign Exchange Reserves of Pakistan","TS_GP_EXT_PAKRES_M.Z00010","Gold","31-May-1974","67","Million USD","Normal",""
"Gold and Foreign Exchange Reserves of Pakistan","TS_GP_EXT_PAKRES_M.Z00010","Gold","30-Apr-1974","67","Million USD","Normal",""
"Gold and Foreign Exchange Reserves of Pakistan","TS_GP_EXT_PAKRES_M.Z00010","Gold","31-Mar-1974","67","Million USD","Normal",""
"Gold and Foreign Exchange Reserves of Pakistan","TS_GP_EXT_PAKRES_M.Z00010","Gold","28-Feb-1974","67","Million USD","Normal",""
"Gold and Foreign Exchange Reserves of Pakistan","TS_GP_EXT_PAKRES_M.Z00010","Gold","31-Jan-1974","67","Million USD","Normal",""
"Gold and Foreign Exchange Reserves of Pakistan","TS_GP_EXT_PAKRES_M.Z00010","Gold","31-Dec-1973","67","Million USD","Normal",""
"Gold and Foreign Exchange Reserves of Pakistan","TS_GP_EXT_PAKRES_M.Z00010","Gold","30-Nov-1973","67","Million USD","Normal",""
"Gold and Foreign Exchange Reserves of Pakistan","TS_GP_EXT_PAKRES_M.Z00010","Gold","31-Oct-1973","67","Million USD","Normal",""
"Gold and Foreign Exchange Reserves of Pakistan","TS_GP_EXT_PAKRES_M.Z00010","Gold","30-Sep-1973","67","Million USD","Normal",""
"Gold and Foreign Exchange Reserves of Pakistan","TS_GP_EXT_PAKRES_M.Z00010","Gold","31-Aug-1973","67","Million USD","Normal",""
"Gold and Foreign Exchange Reserves of Pakistan","TS_GP_EXT_PAKRES_M.Z00010","Gold","31-Jul-1973","67","Million USD","Normal",""
"Gold and Foreign Exchange Reserves of Pakistan","TS_GP_EXT_PAKRES_M.Z00010","Gold","30-Jun-1973","67","Million USD","Normal",""
"Gold and Foreign Exchange Reserves of Pakistan","TS_GP_EXT_PAKRES_M.Z00010","Gold","31-May-1973","67","Million USD","Normal",""
"Gold and Foreign Exchange Reserves of Pakistan","TS_GP_EXT_PAKRES_M.Z00010","Gold","30-Apr-1973","67","Million USD","Normal",""
"Gold and Foreign Exchange Reserves of Pakistan","TS_GP_EXT_PAKRES_M.Z00010","Gold","31-Mar-1973","67","Million USD","Normal",""
"Gold and Foreign Exchange Reserves of Pakistan","TS_GP_EXT_PAKRES_M.Z00010","Gold","28-Feb-1973","60","Million USD","Normal",""
"Gold and Foreign Exchange Reserves of Pakistan","TS_GP_EXT_PAKRES_M.Z00010","Gold","31-Jan-1973","60","Million USD","Normal",""
"Gold and Foreign Exchange Reserves of Pakistan","TS_GP_EXT_PAKRES_M.Z00010","Gold","31-Dec-1972","60","Million USD","Normal",""
"Gold and Foreign Exchange Reserves of Pakistan","TS_GP_EXT_PAKRES_M.Z00010","Gold","30-Nov-1972","60","Million USD","Normal",""
"Gold and Foreign Exchange Reserves of Pakistan","TS_GP_EXT_PAKRES_M.Z00010","Gold","31-Oct-1972","60","Million USD","Normal",""
"Gold and Foreign Exchange Reserves of Pakistan","TS_GP_EXT_PAKRES_M.Z00010","Gold","30-Sep-1972","60","Million USD","Normal",""
"Gold and Foreign Exchange Reserves of Pakistan","TS_GP_EXT_PAKRES_M.Z00010","Gold","31-Aug-1972","60","Million USD","Normal",""
"Gold and Foreign Exchange Reserves of Pakistan","TS_GP_EXT_PAKRES_M.Z00010","Gold","31-Jul-1972","60","Million USD","Normal",""
"Gold and Foreign Exchange Reserves of Pakistan","TS_GP_EXT_PAKRES_M.Z00010","Gold","30-Jun-1972","60","Million USD","Normal",""
"Gold and Foreign Exchange Reserves of Pakistan","TS_GP_EXT_PAKRES_M.Z00010","Gold","31-May-1972","55","Million USD","Normal",""
"Gold and Foreign Exchange Reserves of Pakistan","TS_GP_EXT_PAKRES_M.Z00010","Gold","30-Apr-1972","55","Million USD","Normal",""
"Gold and Foreign Exchange Reserves of Pakistan","TS_GP_EXT_PAKRES_M.Z00010","Gold","31-Mar-1972","55","Million USD","Normal",""
"Gold and Foreign Exchange Reserves of Pakistan","TS_GP_EXT_PAKRES_M.Z00010","Gold","29-Feb-1972","55","Million USD","Normal",""
"Gold and Foreign Exchange Reserves of Pakistan","TS_GP_EXT_PAKRES_M.Z00010","Gold","31-Jan-1972","55","Million USD","Normal",""
"Gold and Foreign Exchange Reserves of Pakistan","TS_GP_EXT_PAKRES_M.Z00010","Gold","31-Dec-1971","55","Million USD","Normal",""
"Gold and Foreign Exchange Reserves of Pakistan","TS_GP_EXT_PAKRES_M.Z00010","Gold","30-Nov-1971","55","Million USD","Normal",""
"Gold and Foreign Exchange Reserves of Pakistan","TS_GP_EXT_PAKRES_M.Z00010","Gold","31-Oct-1971","55","Million USD","Normal",""
"Gold and Foreign Exchange Reserves of Pakistan","TS_GP_EXT_PAKRES_M.Z00010","Gold","30-Sep-1971","55","Million USD","Normal",""
"Gold and Foreign Exchange Reserves of Pakistan","TS_GP_EXT_PAKRES_M.Z00010","Gold","31-Aug-1971","55","Million USD","Normal",""
"Gold and Foreign Exchange Reserves of Pakistan","TS_GP_EXT_PAKRES_M.Z00010","Gold","31-Jul-1971","55","Million USD","Normal",""
"Gold and Foreign Exchange Reserves of Pakistan","TS_GP_EXT_PAKRES_M.Z00010","Gold","30-Jun-1971","55","Million USD","Normal",""
